#
# A fatal error has been detected by the Java Runtime Environment:
#
#  SIGSEGV (0xb) at pc=0x00007d30fbdeef53, pid=33579, tid=33586
#
# JRE version: OpenJDK Runtime Environment Temurin-21.0.7+6 (21.0.7+6) (build 21.0.7+6-LTS)
# Java VM: OpenJDK 64-Bit Server VM Temurin-21.0.7+6 (21.0.7+6-LTS, mixed mode, emulated-client, sharing, tiered, compressed oops, compressed class ptrs, g1 gc, linux-amd64)
# Problematic frame:
# V  [libjvm.so+0x7eef53]  void G1FullGCMarker::mark_and_push<oopDesc*>(oopDesc**) [clone .constprop.0]+0x63
#
# Core dump will be written. Default location: Core dumps may be processed with "/usr/lib/systemd/systemd-coredump %P %u %g %s %t 9223372036854775808 %h %d" (or dumping to /opt/projetos/JAVA/app-btgpactual/app-btgpactual/core.33579)
#
# If you would like to submit a bug report, please visit:
#   https://github.com/adoptium/adoptium-support/issues
#

---------------  S U M M A R Y ------------

Command Line: -XX:+ShowCodeDetailsInExceptionMessages -agentlib:jdwp=transport=dt_socket,suspend=y,address=localhost:41409 -Dcom.sun.management.jmxremote -Dcom.sun.management.jmxremote.port=43403 -Dcom.sun.management.jmxremote.authenticate=false -Dcom.sun.management.jmxremote.ssl=false -Djava.rmi.server.hostname=localhost -Dspring.jmx.enabled=true -Dmanagement.endpoints.jmx.exposure.include=* -Dspring.application.admin.enabled=true -Djava.security.egd=file:/dev/./urandom -Dspring.output.ansi.enabled=always -XX:TieredStopAtLevel=1 -Dspring.boot.project.name=ordens -javaagent:/opt/dev/tools/sts-4.31.0.RELEASE/configuration/org.eclipse.osgi/270/0/.cp/lib/javaagent-shaded.jar -Dfile.encoding=UTF-8 -Dstdout.encoding=UTF-8 -Dstderr.encoding=UTF-8 com.btgpactual.ordens.OrdensApplication

Host: Intel(R) Core(TM) i7-4500U CPU @ 1.80GHz, 8 cores, 7G, Linux Mint 22 Wilma
Time: Mon Jul 21 09:53:00 2025 -03 elapsed time: 1420.439768 seconds (0d 0h 23m 40s)

---------------  T H R E A D  ---------------

Current thread (0x00007d30f4086320):  WorkerThread "GC Thread#0"    [id=33586, stack(0x00007d30eddb7000,0x00007d30edeb7000) (1024K)]

Stack: [0x00007d30eddb7000,0x00007d30edeb7000],  sp=0x00007d30edeb46d0,  free space=1013k
Native frames: (J=compiled Java code, j=interpreted, Vv=VM code, C=native code)
V  [libjvm.so+0x7eef53]  void G1FullGCMarker::mark_and_push<oopDesc*>(oopDesc**) [clone .constprop.0]+0x63
V  [libjvm.so+0x7a18ae]  frame::oops_interpreted_arguments_do(Symbol*, bool, OopClosure*) const+0xbe
V  [libjvm.so+0x7a25ef]  frame::oops_interpreted_do(OopClosure*, RegisterMap const*, bool) const+0x39f
V  [libjvm.so+0x927933]  JavaThread::oops_do_frames(OopClosure*, CodeBlobClosure*) [clone .part.0]+0xd3
V  [libjvm.so+0xf78705]  Thread::oops_do(OopClosure*, CodeBlobClosure*)+0x95
V  [libjvm.so+0xf84c12]  Threads::possibly_parallel_oops_do(bool, OopClosure*, CodeBlobClosure*)+0x102
V  [libjvm.so+0x83d91f]  G1RootProcessor::process_strong_roots(OopClosure*, CLDClosure*, CodeBlobClosure*)+0x5f
V  [libjvm.so+0x7fbbbf]  G1FullGCMarkTask::work(unsigned int)+0xbf
V  [libjvm.so+0x1035110]  WorkerThread::run()+0x80
V  [libjvm.so+0xf78c38]  Thread::call_run()+0xa8
V  [libjvm.so+0xd0487a]  thread_native_entry(Thread*)+0xda
C  [libc.so.6+0x9caa4]
JavaThread 0x00007d305c123a80 (nid = 38023) was being processed
Java frames: (J=compiled Java code, j=interpreted, Vv=VM code)
j  java.lang.invoke.DirectMethodHandle$Holder.invokeVirtual(Ljava/lang/Object;Ljava/lang/Object;Ljava/lang/Object;)V+11 java.base@21.0.7
j  java.lang.invoke.LambdaForm$MH+0x00007d30904b0400.invoke(Ljava/lang/Object;Ljava/lang/Object;Ljava/lang/Object;)Ljava/lang/Object;+52 java.base@21.0.7
J 3721 c1 jdk.internal.reflect.DirectMethodHandleAccessor.invoke(Ljava/lang/Object;[Ljava/lang/Object;)Ljava/lang/Object; java.base@21.0.7 (92 bytes) @ 0x00007d30f8c64ab4 [0x00007d30f8c647a0+0x0000000000000314]
J 9569 c1 org.springframework.messaging.handler.invocation.InvocableHandlerMethod.doInvoke([Ljava/lang/Object;)Ljava/lang/Object; (139 bytes) @ 0x00007d30f935fcdc [0x00007d30f935fac0+0x000000000000021c]
J 9567 c1 org.springframework.amqp.rabbit.listener.adapter.KotlinAwareInvocableHandlerMethod.doInvoke([Ljava/lang/Object;)Ljava/lang/Object; (28 bytes) @ 0x00007d30f935f37c [0x00007d30f935f2c0+0x00000000000000bc]
J 9561 c1 org.springframework.messaging.handler.invocation.InvocableHandlerMethod.invoke(Lorg/springframework/messaging/Message;[Ljava/lang/Object;)Ljava/lang/Object; (43 bytes) @ 0x00007d30f935e824 [0x00007d30f935e700+0x0000000000000124]
J 9560 c1 org.springframework.amqp.rabbit.listener.adapter.HandlerAdapter.invoke(Lorg/springframework/messaging/Message;[Ljava/lang/Object;)Lorg/springframework/amqp/rabbit/listener/adapter/InvocationResult; (105 bytes) @ 0x00007d30f935cd5c [0x00007d30f935cc80+0x00000000000000dc]
J 9559 c1 org.springframework.amqp.rabbit.listener.adapter.MessagingMessageListenerAdapter.invokeHandler(Lorg/springframework/amqp/core/Message;Lcom/rabbitmq/client/Channel;Lorg/springframework/messaging/Message;)Lorg/springframework/amqp/rabbit/listener/adapter/InvocationResult; (119 bytes) @ 0x00007d30f9364e14 [0x00007d30f9364a00+0x0000000000000414]
J 9496 c1 org.springframework.amqp.rabbit.listener.adapter.MessagingMessageListenerAdapter.invokeHandlerAndProcessResult(Lorg/springframework/amqp/core/Message;Lcom/rabbitmq/client/Channel;Lorg/springframework/messaging/Message;)V (143 bytes) @ 0x00007d30f933c524 [0x00007d30f933c2c0+0x0000000000000264]
J 9414 c1 org.springframework.amqp.rabbit.listener.adapter.MessagingMessageListenerAdapter.onMessage(Lorg/springframework/amqp/core/Message;Lcom/rabbitmq/client/Channel;)V (66 bytes) @ 0x00007d30f930fc8c [0x00007d30f930fba0+0x00000000000000ec]
J 9413 c1 org.springframework.amqp.rabbit.listener.AbstractMessageListenerContainer.doInvokeListener(Lorg/springframework/amqp/rabbit/listener/api/ChannelAwareMessageListener;Lcom/rabbitmq/client/Channel;Ljava/lang/Object;)V (183 bytes) @ 0x00007d30f9310d74 [0x00007d30f93107e0+0x0000000000000594]
J 9412 c1 org.springframework.amqp.rabbit.listener.AbstractMessageListenerContainer.actualInvokeListener(Lcom/rabbitmq/client/Channel;Ljava/lang/Object;)V (171 bytes) @ 0x00007d30f930eecc [0x00007d30f930e920+0x00000000000005ac]
J 9408 c1 org.springframework.amqp.rabbit.listener.AbstractMessageListenerContainer.doExecuteListener(Lcom/rabbitmq/client/Channel;Ljava/lang/Object;)V (138 bytes) @ 0x00007d30f930c55c [0x00007d30f930c220+0x000000000000033c]
J 9407 c1 org.springframework.amqp.rabbit.listener.AbstractMessageListenerContainer.executeListenerAndHandleException(Lcom/rabbitmq/client/Channel;Ljava/lang/Object;)V (212 bytes) @ 0x00007d30f930d61c [0x00007d30f930d4e0+0x000000000000013c]
J 9405 c1 org.springframework.amqp.rabbit.listener.AbstractMessageListenerContainer$$Lambda+0x00007d30906afb18.run()V (16 bytes) @ 0x00007d30f930ac0c [0x00007d30f930aba0+0x000000000000006c]
J 9400 c1 io.micrometer.observation.Observation.observe(Ljava/lang/Runnable;)V (89 bytes) @ 0x00007d30f9307fe4 [0x00007d30f9307f40+0x00000000000000a4]
J 9394 c1 org.springframework.amqp.rabbit.listener.AbstractMessageListenerContainer.executeListener(Lcom/rabbitmq/client/Channel;Ljava/lang/Object;)V (67 bytes) @ 0x00007d30f930b634 [0x00007d30f930b3a0+0x0000000000000294]
J 6967 c1 org.springframework.amqp.rabbit.listener.SimpleMessageListenerContainer.doReceiveAndExecute(Lorg/springframework/amqp/rabbit/listener/BlockingQueueConsumer;)Z (650 bytes) @ 0x00007d30f85bb0c4 [0x00007d30f85ba9a0+0x0000000000000724]
J 6966 c1 org.springframework.amqp.rabbit.listener.SimpleMessageListenerContainer.receiveAndExecute(Lorg/springframework/amqp/rabbit/listener/BlockingQueueConsumer;)Z (81 bytes) @ 0x00007d30f85b826c [0x00007d30f85b8000+0x000000000000026c]
J 6965 c1 org.springframework.amqp.rabbit.listener.SimpleMessageListenerContainer$AsyncMessageProcessingConsumer.mainLoop()V (182 bytes) @ 0x00007d30f85b9064 [0x00007d30f85b8fe0+0x0000000000000084]
j  org.springframework.amqp.rabbit.listener.SimpleMessageListenerContainer$AsyncMessageProcessingConsumer.run()V+205
J 8500 c1 java.lang.Thread.run()V java.base@21.0.7 (23 bytes) @ 0x00007d30f9079454 [0x00007d30f90793c0+0x0000000000000094]
v  ~StubRoutines::call_stub 0x00007d30f8400cc6

siginfo: si_signo: 11 (SIGSEGV), si_code: 1 (SEGV_MAPERR), si_addr: 0x00007f25af4a2e90

Registers:
RAX=0x00007d30edeb7000, RBX=0x00007d3084878f90, RCX=0x0000000000000013, RDX=0x0000003e982bd7d2
RSP=0x00007d30edeb46d0, RBP=0x00007d30edeb46f0, RSI=0x0000000000080000, RDI=0x00007f25af4a2e90
R8 =0x00007d308f545a87, R9 =0x00007d30fc7da0c0, R10=0x0000000000000005, R11=0x00007d307015a45c
R12=0x00007d30dd2fa498, R13=0x00007d30f4086e40, R14=0x0000000000000002, R15=0x00007d308f545a80
RIP=0x00007d30fbdeef53, EFLAGS=0x0000000000010206, CSGSFS=0x002b000000000033, ERR=0x0000000000000004
  TRAPNO=0x000000000000000e

XMM[0]=0x3b3b3b3b3b3b3b3b 0x3b3b3b3b3b3b3b3b
XMM[1]=0x0000000000000000 0x0000000000000000
XMM[2]=0x00007d30f4041d90 0x00007d30f4041d80
XMM[3]=0x00007d30dd2fa4e0 0x0000000000000000
XMM[4]=0x0000000000000000 0x00007d30f4086320
XMM[5]=0x00007d30dccfba38 0x00007d30dccfbaa0
XMM[6]=0x00007d30f8400cc6 0x00007d30dccfba28
XMM[7]=0x0000000000000000 0x0000000000000000
XMM[8]=0x000000008967bcf8 0x8967ba7000000000
XMM[9]=0x0020202020202020 0x2000202020202020
XMM[10]=0x3f3f3f3f3f3f3f3f 0x3f3f3f3f3f3f3f3f
XMM[11]=0x9999999999999999 0x9999999999999999
XMM[12]=0x2020202020202020 0x2020202020202020
XMM[13]=0x0000000000000000 0x0000000000000000
XMM[14]=0x0000000000000000 0x0000000000000000
XMM[15]=0xcafebabecafebabe 0xcafebabecafebabe
  MXCSR=0x00001fa2


Register to memory mapping:

RAX=0x00007d30edeb7000 points into unknown readable memory: 0x0000000000000001 | 01 00 00 00 00 00 00 00
RBX=0x00007d3084878f90 points into unknown readable memory: 0x00007d30ed42a570 | 70 a5 42 ed 30 7d 00 00
RCX=0x0000000000000013 is an unknown value
RDX=0x0000003e982bd7d2 is an unknown value
RSP=0x00007d30edeb46d0 points into unknown readable memory: 0x00007d3084879540 | 40 95 87 84 30 7d 00 00
RBP=0x00007d30edeb46f0 points into unknown readable memory: 0x00007d30edeb4770 | 70 47 eb ed 30 7d 00 00
RSI=0x0000000000080000 is an unknown value
RDI=0x00007f25af4a2e90 is an unknown value
R8 =0x00007d308f545a87 is pointing into metadata
R9 =0x00007d30fc7da0c0: <offset 0x00000000011da0c0> in /opt/dev/tools/sts-4.31.0.RELEASE/plugins/org.eclipse.justj.openjdk.hotspot.jre.full.linux.x86_64_21.0.7.v20250502-0916/jre/lib/server/libjvm.so at 0x00007d30fb600000
R10=0x0000000000000005 is an unknown value
R11=0x00007d307015a45c points into unknown readable memory: f1 24 00 00
R12=0x00007d30dd2fa498 is pointing into the stack for thread: 0x00007d305c123a80
R13=0x00007d30f4086e40 points into unknown readable memory: 0x00007d30fca1ba38 | 38 ba a1 fc 30 7d 00 00
R14=0x0000000000000002 is an unknown value
R15=0x00007d308f545a80 is pointing into metadata

Top of Stack: (sp=0x00007d30edeb46d0)
0x00007d30edeb46d0:   00007d3084879540 00007d30edeb4710
0x00007d30edeb46e0:   00007d30edeb48c0 0000000000000002
0x00007d30edeb46f0:   00007d30edeb4770 00007d30fbda18ae
0x00007d30edeb4700:   0000000000000002 0000000000000040
0x00007d30edeb4710:   00007d308f545a80 0000001300000001
0x00007d30edeb4720:   0000000000000044 000000010000000c
0x00007d30edeb4730:   00007d308f47e090 0000000000000000
0x00007d30edeb4740:   00007d30edeb4770 0000000000000004
0x00007d30edeb4750:   00007d3084879540 00007d30edeb48c0
0x00007d30edeb4760:   000000000000000b 00007d30edeb47f0
0x00007d30edeb4770:   00007d30edeb4860 00007d30fbda25ef
0x00007d30edeb4780:   00007d30f40866c0 00000000000003d8
0x00007d30edeb4790:   00007d30f4041d80 00007d30f4041d90
0x00007d30edeb47a0:   00007d30f4041d90 00007d30f4042168
0x00007d30edeb47b0:   00007d30f4041d80 0000000100000000
0x00007d30edeb47c0:   00007d308f0b4530 00007d30f4086320
0x00007d30edeb47d0:   00007d30dccfba28 00007d30f8400cc6
0x00007d30edeb47e0:   00007d30dccfbaa0 00007d30dccfba38
0x00007d30edeb47f0:   00007d308f72dbfb 00007d30000000b8
0x00007d30edeb4800:   00007d308f0b4530 00007d305c123a80
0x00007d30edeb4810:   00007d30edeb4870 00007d30fc484ad7
0x00007d30edeb4820:   00007d30dd2fa488 00007d30f840bb55
0x00007d30edeb4830:   00007d30f8407a90 00007d30edeb5d90
0x00007d30edeb4840:   0000000000000000 00007d3084879540
0x00007d30edeb4850:   00007d30edeb48c0 00007d30edeb48f8
0x00007d30edeb4860:   00007d30edeb5bb0 00007d30fbf27933
0x00007d30edeb4870:   0000000000000001 00007d30fbf278f1
0x00007d30edeb4880:   00007d30dccfba28 00007d30f8400cc6
0x00007d30edeb4890:   00007d30f8400b90 0000000000000000
0x00007d30edeb48a0:   00007d0000000000 00007d30dccfbaa0
0x00007d30edeb48b0:   00007d30dccfba38 00007d30dc7fb650
0x00007d30edeb48c0:   00007d30dd2fa488 00007d30f840bb55 

Instructions: (pc=0x00007d30fbdeef53)
0x00007d30fbdeee53:   01 48 01 c2 48 8b 32 49 89 8c 24 c8 02 00 00 49
0x00007d30fbdeee63:   89 b4 24 d8 02 00 00 49 8b 8c 24 d0 02 00 00 48
0x00007d30fbdeee73:   89 0a 49 8b 94 24 c0 02 00 00 49 89 84 24 d0 02
0x00007d30fbdeee83:   00 00 48 85 c9 74 08 49 03 94 24 a0 02 00 00 49
0x00007d30fbdeee93:   89 94 24 c0 02 00 00 ba 01 00 00 00 e9 7a fe ff
0x00007d30fbdeeea3:   ff 48 8d 7a 08 be 05 00 00 00 31 d2 e8 ec 1f c4
0x00007d30fbdeeeb3:   ff 49 8b 94 24 a0 02 00 00 48 8d 14 d0 eb a8 31
0x00007d30fbdeeec3:   d2 48 8d 78 08 be 05 00 00 00 e8 ce 1f c4 ff 48
0x00007d30fbdeeed3:   89 c2 49 8b 45 08 48 c1 e0 04 48 01 d0 e9 df fe
0x00007d30fbdeeee3:   ff ff 90 66 2e 0f 1f 84 00 00 00 00 00 55 48 89
0x00007d30fbdeeef3:   e5 41 56 41 55 41 54 53 4c 8b 26 4d 85 e4 74 78
0x00007d30fbdeef03:   4c 8b 6f 10 48 8d 15 52 30 fe ff 48 89 fb 49 8b
0x00007d30fbdeef13:   45 00 48 8b 00 48 39 d0 0f 85 97 01 00 00 4c 89
0x00007d30fbdeef23:   e1 49 2b 4d 08 be 01 00 00 00 48 89 c8 41 8b 4d
0x00007d30fbdeef33:   18 48 c1 e8 03 48 d3 e8 48 89 c1 48 89 c2 49 8b
0x00007d30fbdeef43:   45 20 48 c1 ea 06 83 e1 3f 48 8d 3c d0 48 d3 e6
0x00007d30fbdeef53:   48 8b 0f eb 18 0f 1f 84 00 00 00 00 00 48 89 c8
0x00007d30fbdeef63:   f0 48 0f b1 17 48 39 c1 74 1b 48 89 c1 48 89 f2
0x00007d30fbdeef73:   48 09 ca 48 39 d1 75 e5 5b 41 5c 41 5d 41 5e 5d
0x00007d30fbdeef83:   c3 0f 1f 40 00 48 8b 03 4c 89 e2 8b 88 18 03 00
0x00007d30fbdeef93:   00 48 8b 80 08 03 00 00 48 d3 ea 80 3c 10 00 0f
0x00007d30fbdeefa3:   84 30 01 00 00 48 8d 05 d1 f1 d5 00 4c 8d 2d 32
0x00007d30fbdeefb3:   b7 cf 00 80 38 00 41 0f b6 55 00 74 50 48 8d 05
0x00007d30fbdeefc3:   99 de d7 00 48 8b 70 08 84 d2 0f 84 82 01 00 00
0x00007d30fbdeefd3:   48 8d 15 a6 9e cf 00 41 8b 44 24 08 8b 4a 08 48
0x00007d30fbdeefe3:   d3 e0 48 03 02 48 39 f0 75 43 4c 89 e7 e8 4b 00
0x00007d30fbdeeff3:   05 00 84 c0 74 17 48 8d bb 00 06 00 00 4c 89 e6
0x00007d30fbdef003:   e8 d8 08 6a 00 0f 1f 84 00 00 00 00 00 41 80 7d
0x00007d30fbdef013:   00 00 0f 84 ad 00 00 00 48 8d 15 5e 9e cf 00 41
0x00007d30fbdef023:   8b 44 24 08 8b 4a 08 48 d3 e0 48 03 02 83 78 0c
0x00007d30fbdef033:   04 75 18 48 8d 05 3b 01 d3 00 48 63 00 4c 01 e0
0x00007d30fbdef043:   0f b6 00 a8 08 0f 84 fa 00 00 00 48 8d bb 20 06 


Stack slot to memory mapping:

stack at sp + 0 slots: 0x00007d3084879540 points into unknown readable memory: 0x00007d30fca1bc20 | 20 bc a1 fc 30 7d 00 00
stack at sp + 1 slots: 0x00007d30edeb4710 points into unknown readable memory: 0x00007d308f545a80 | 80 5a 54 8f 30 7d 00 00
stack at sp + 2 slots: 0x00007d30edeb48c0 points into unknown readable memory: 0x00007d30dd2fa488 | 88 a4 2f dd 30 7d 00 00
stack at sp + 3 slots: 0x0000000000000002 is an unknown value
stack at sp + 4 slots: 0x00007d30edeb4770 points into unknown readable memory: 0x00007d30edeb4860 | 60 48 eb ed 30 7d 00 00
stack at sp + 5 slots: 0x00007d30fbda18ae: <offset 0x00000000007a18ae> in /opt/dev/tools/sts-4.31.0.RELEASE/plugins/org.eclipse.justj.openjdk.hotspot.jre.full.linux.x86_64_21.0.7.v20250502-0916/jre/lib/server/libjvm.so at 0x00007d30fb600000
stack at sp + 6 slots: 0x0000000000000002 is an unknown value
stack at sp + 7 slots: 0x0000000000000040 is an unknown value


---------------  P R O C E S S  ---------------

Threads class SMR info:
_java_thread_list=0x00007d30681e6240, length=23, elements={
0x00007d30f41490d0, 0x00007d30f414a630, 0x00007d30f414bdb0, 0x00007d30f414d3e0,
0x00007d30f414e970, 0x00007d30f4150020, 0x00007d30f41b0e60, 0x00007d30f41fe830,
0x00007d30f4200390, 0x00007d3060001120, 0x00007d30f4471350, 0x00007d30f44f1740,
0x00007d30f44fb5b0, 0x00007d30f4588800, 0x00007d303800d890, 0x00007d303000dec0,
0x00007d3024b090c0, 0x00007d3024c93b90, 0x00007d30f4030000, 0x00007d30680b0b40,
0x00007d305c123a80, 0x00007d303c0064e0, 0x00007d306c007930
}

Java Threads: ( => current thread )
  0x00007d30f41490d0 JavaThread "Reference Handler"          daemon [_thread_blocked, id=33593, stack(0x00007d30ed22b000,0x00007d30ed32b000) (1024K)]
  0x00007d30f414a630 JavaThread "Finalizer"                  daemon [_thread_blocked, id=33594, stack(0x00007d30ecb00000,0x00007d30ecc00000) (1024K)]
  0x00007d30f414bdb0 JavaThread "Signal Dispatcher"          daemon [_thread_blocked, id=33595, stack(0x00007d30eca00000,0x00007d30ecb00000) (1024K)]
  0x00007d30f414d3e0 JavaThread "Service Thread"             daemon [_thread_blocked, id=33596, stack(0x00007d30ec900000,0x00007d30eca00000) (1024K)]
  0x00007d30f414e970 JavaThread "Monitor Deflation Thread"   daemon [_thread_blocked, id=33597, stack(0x00007d30ec800000,0x00007d30ec900000) (1024K)]
  0x00007d30f4150020 JavaThread "C1 CompilerThread0"         daemon [_thread_blocked, id=33598, stack(0x00007d30ec700000,0x00007d30ec800000) (1024K)]
  0x00007d30f41b0e60 JavaThread "Common-Cleaner"             daemon [_thread_blocked, id=33599, stack(0x00007d30ec600000,0x00007d30ec700000) (1024K)]
  0x00007d30f41fe830 JavaThread "JDWP Transport Listener: dt_socket" daemon [_thread_blocked, id=33603, stack(0x00007d30ec300000,0x00007d30ec400000) (1024K)]
  0x00007d30f4200390 JavaThread "JDWP Event Helper Thread"   daemon [_thread_blocked, id=33606, stack(0x00007d30ec200000,0x00007d30ec300000) (1024K)]
  0x00007d3060001120 JavaThread "JDWP Command Reader"        daemon [_thread_blocked, id=33607, stack(0x00007d30ec100000,0x00007d30ec200000) (1024K)]
  0x00007d30f4471350 JavaThread "Notification Thread"        daemon [_thread_blocked, id=33609, stack(0x00007d30ec000000,0x00007d30ec100000) (1024K)]
  0x00007d30f44f1740 JavaThread "RMI TCP Accept-0"           daemon [_thread_in_native, id=33613, stack(0x00007d30ddbfd000,0x00007d30ddcfd000) (1024K)]
  0x00007d30f44fb5b0 JavaThread "RMI TCP Accept-43403"       daemon [_thread_in_native, id=33614, stack(0x00007d30ddafd000,0x00007d30ddbfd000) (1024K)]
  0x00007d30f4588800 JavaThread "RMI TCP Accept-0"           daemon [_thread_in_native, id=33615, stack(0x00007d30dd9fd000,0x00007d30ddafd000) (1024K)]
  0x00007d303800d890 JavaThread "RMI Scheduler(0)"           daemon [_thread_blocked, id=33619, stack(0x00007d30dd7fd000,0x00007d30dd8fd000) (1024K)]
  0x00007d303000dec0 JavaThread "JMX server connection timeout 32" daemon [_thread_blocked, id=33621, stack(0x00007d30dd5fd000,0x00007d30dd6fd000) (1024K)]
  0x00007d3024b090c0 JavaThread "BufferPoolPruner-1-thread-1" daemon [_thread_blocked, id=33633, stack(0x00007d30dcffd000,0x00007d30dd0fd000) (1024K)]
  0x00007d3024c93b90 JavaThread "Live Reload Server"         daemon [_thread_in_native, id=33640, stack(0x00007d30dcbfd000,0x00007d30dccfd000) (1024K)]
  0x00007d30f4030000 JavaThread "DestroyJavaVM"                     [_thread_blocked, id=33582, stack(0x00007d30fb417000,0x00007d30fb517000) (1024K)]
  0x00007d30680b0b40 JavaThread "org.springframework.amqp.rabbit.RabbitListenerEndpointContainer#0-1"        [_thread_blocked, id=36639, stack(0x00007d308aa00000,0x00007d308ab00000) (1024K)]
  0x00007d305c123a80 JavaThread "org.springframework.amqp.rabbit.RabbitListenerEndpointContainer#0-1"        [_thread_blocked, id=38023, stack(0x00007d30dd1fd000,0x00007d30dd2fd000) (1024K)]
  0x00007d303c0064e0 JavaThread "RMI TCP Connection(idle)"   daemon [_thread_blocked, id=38024, stack(0x00007d30dd3fd000,0x00007d30dd4fd000) (1024K)]
  0x00007d306c007930 JavaThread "Thread-39"                         [_thread_blocked, id=38854, stack(0x00007d308ad00000,0x00007d308ae00000) (1024K)]
Total: 23

Other Threads:
  0x00007d30f413ecf0 VMThread "VM Thread"                           [id=33592, stack(0x00007d30ed32c000,0x00007d30ed42c000) (1024K)]
  0x00007d30f412d670 WatcherThread "VM Periodic Task Thread"        [id=33591, stack(0x00007d30ed42d000,0x00007d30ed52d000) (1024K)]
=>0x00007d30f4086320 WorkerThread "GC Thread#0"                     [id=33586, stack(0x00007d30eddb7000,0x00007d30edeb7000) (1024K)]
  0x00007d3084006be0 WorkerThread "GC Thread#1"                     [id=33610, stack(0x00007d30ddf00000,0x00007d30de000000) (1024K)]
  0x00007d3084007680 WorkerThread "GC Thread#2"                     [id=33611, stack(0x00007d30dddff000,0x00007d30ddeff000) (1024K)]
  0x00007d308400fc50 WorkerThread "GC Thread#3"                     [id=33612, stack(0x00007d30ddcfe000,0x00007d30dddfe000) (1024K)]
  0x00007d30f4096e10 ConcurrentGCThread "G1 Main Marker"            [id=33587, stack(0x00007d30edcb6000,0x00007d30eddb6000) (1024K)]
  0x00007d30f4097db0 WorkerThread "G1 Conc#0"                       [id=33588, stack(0x00007d30edbb5000,0x00007d30edcb5000) (1024K)]
  0x00007d30f4119e50 ConcurrentGCThread "G1 Refine#0"               [id=33589, stack(0x00007d30ed6b0000,0x00007d30ed7b0000) (1024K)]
  0x00007d30f411ae00 ConcurrentGCThread "G1 Service"                [id=33590, stack(0x00007d30ed5af000,0x00007d30ed6af000) (1024K)]
Total: 10

Threads with active compile tasks:
C1 CompilerThread0  1420449 9884  s!   1       org.apache.catalina.util.LifecycleBase::stop (361 bytes)
Total: 1

VM state: at safepoint (normal execution)

VM Mutex/Monitor currently owned by a thread:  ([mutex/lock_event])
[0x00007d30fcb45cd0] Threads_lock - owner thread: 0x00007d30f413ecf0
[0x00007d30fcb45bd0] Heap_lock - owner thread: 0x00007d306c007930

Heap address: 0x0000000085800000, size: 1960 MB, Compressed Oops mode: 32-bit

CDS archive(s) mapped at: [0x00007d308f000000-0x00007d308fc98000-0x00007d308fc98000), size 13205504, SharedBaseAddress: 0x00007d308f000000, ArchiveRelocationMode: 1.
Compressed class space mapped at: 0x00007d3090000000-0x00007d30d0000000, reserved size: 1073741824
Narrow klass base: 0x00007d308f000000, Narrow klass shift: 0, Narrow klass range: 0x100000000

GC Precious Log:
 CardTable entry size: 512
 Card Set container configuration: InlinePtr #cards 5 size 8 Array Of Cards #cards 12 size 40 Howl #buckets 4 coarsen threshold 1843 Howl Bitmap #cards 512 size 80 coarsen threshold 460 Card regions per heap region 1 cards per card region 2048
 CPUs: 8 total, 4 available
 Memory: 7838M
 Large Page Support: Disabled
 NUMA Support: Disabled
 Compressed Oops: Enabled (32-bit)
 Heap Region Size: 1M
 Heap Min Capacity: 8M
 Heap Initial Capacity: 124M
 Heap Max Capacity: 1960M
 Pre-touch: Disabled
 Parallel Workers: 4
 Concurrent Workers: 1
 Concurrent Refinement Workers: 4
 Periodic GC: Disabled

Heap:
 garbage-first heap   total 65536K, used 44534K [0x0000000085800000, 0x0000000100000000)
  region size 1024K, 25 young (25600K), 5 survivors (5120K)
 Metaspace       used 50366K, committed 51136K, reserved 1114112K
  class space    used 6841K, committed 7168K, reserved 1048576K

Heap Regions: E=young(eden), S=young(survivor), O=old, HS=humongous(starts), HC=humongous(continues), CS=collection set, F=free, TAMS=top-at-mark-start, PB=parsable bottom
|   0|0x0000000085800000, 0x0000000085900000, 0x0000000085900000|100%| O|  |TAMS 0x0000000085800000| PB 0x0000000085900000| Untracked 
|   1|0x0000000085900000, 0x00000000859ffff0, 0x0000000085a00000| 99%| O|  |TAMS 0x0000000085900000| PB 0x00000000859ffff0| Untracked 
|   2|0x0000000085a00000, 0x0000000085afffc0, 0x0000000085b00000| 99%| O|  |TAMS 0x0000000085a00000| PB 0x0000000085afffc0| Untracked 
|   3|0x0000000085b00000, 0x0000000085bffff8, 0x0000000085c00000| 99%| O|  |TAMS 0x0000000085b00000| PB 0x0000000085bffff8| Untracked 
|   4|0x0000000085c00000, 0x0000000085cffff8, 0x0000000085d00000| 99%| O|  |TAMS 0x0000000085c00000| PB 0x0000000085cffff8| Untracked 
|   5|0x0000000085d00000, 0x0000000085e00000, 0x0000000085e00000|100%| O|  |TAMS 0x0000000085d00000| PB 0x0000000085e00000| Untracked 
|   6|0x0000000085e00000, 0x0000000085effff0, 0x0000000085f00000| 99%| O|  |TAMS 0x0000000085e00000| PB 0x0000000085effff0| Untracked 
|   7|0x0000000085f00000, 0x0000000086000000, 0x0000000086000000|100%| O|  |TAMS 0x0000000085f00000| PB 0x0000000086000000| Untracked 
|   8|0x0000000086000000, 0x00000000860ffff8, 0x0000000086100000| 99%| O|  |TAMS 0x0000000086000000| PB 0x00000000860ffff8| Untracked 
|   9|0x0000000086100000, 0x00000000861ffd20, 0x0000000086200000| 99%| O|  |TAMS 0x0000000086100000| PB 0x00000000861ffd20| Untracked 
|  10|0x0000000086200000, 0x00000000862fffe0, 0x0000000086300000| 99%| O|  |TAMS 0x0000000086200000| PB 0x00000000862fffe0| Untracked 
|  11|0x0000000086300000, 0x00000000863fffd8, 0x0000000086400000| 99%| O|  |TAMS 0x0000000086300000| PB 0x00000000863fffd8| Untracked 
|  12|0x0000000086400000, 0x00000000864fe830, 0x0000000086500000| 99%| O|  |TAMS 0x0000000086400000| PB 0x00000000864fe830| Untracked 
|  13|0x0000000086500000, 0x00000000865ffff8, 0x0000000086600000| 99%| O|  |TAMS 0x0000000086500000| PB 0x00000000865ffff8| Untracked 
|  14|0x0000000086600000, 0x00000000866ffff8, 0x0000000086700000| 99%| O|  |TAMS 0x0000000086600000| PB 0x00000000866ffff8| Untracked 
|  15|0x0000000086700000, 0x00000000867fffd8, 0x0000000086800000| 99%| O|  |TAMS 0x0000000086700000| PB 0x00000000867fffd8| Untracked 
|  16|0x0000000086800000, 0x0000000086900000, 0x0000000086900000|100%| O|  |TAMS 0x0000000086800000| PB 0x0000000086900000| Untracked 
|  17|0x0000000086900000, 0x00000000869d5b18, 0x0000000086a00000| 83%| O|  |TAMS 0x0000000086900000| PB 0x00000000869d5b18| Untracked 
|  18|0x0000000086a00000, 0x0000000086aa8b38, 0x0000000086b00000| 65%| O|  |TAMS 0x0000000086a00000| PB 0x0000000086aa8b38| Untracked 
|  19|0x0000000086b00000, 0x0000000086b6fa60, 0x0000000086c00000| 43%| O|  |TAMS 0x0000000086b00000| PB 0x0000000086b6fa60| Untracked 
|  20|0x0000000086c00000, 0x0000000086c53c70, 0x0000000086d00000| 32%| O|  |TAMS 0x0000000086c00000| PB 0x0000000086c53c70| Untracked 
|  21|0x0000000086d00000, 0x0000000086e00000, 0x0000000086e00000|100%| S|  |TAMS 0x0000000086d00000| PB 0x0000000086e00000| Complete 
|  22|0x0000000086e00000, 0x0000000086f00000, 0x0000000086f00000|100%| S|  |TAMS 0x0000000086e00000| PB 0x0000000086f00000| Complete 
|  23|0x0000000086f00000, 0x0000000087000000, 0x0000000087000000|100%| S|  |TAMS 0x0000000086f00000| PB 0x0000000087000000| Complete 
|  24|0x0000000087000000, 0x0000000087100000, 0x0000000087100000|100%| S|  |TAMS 0x0000000087000000| PB 0x0000000087100000| Complete 
|  25|0x0000000087100000, 0x0000000087200000, 0x0000000087200000|100%| S|  |TAMS 0x0000000087100000| PB 0x0000000087200000| Complete 
|  26|0x0000000087200000, 0x0000000087200000, 0x0000000087300000|  0%| F|  |TAMS 0x0000000087200000| PB 0x0000000087200000| Untracked 
|  27|0x0000000087300000, 0x0000000087300000, 0x0000000087400000|  0%| F|  |TAMS 0x0000000087300000| PB 0x0000000087300000| Untracked 
|  28|0x0000000087400000, 0x0000000087400000, 0x0000000087500000|  0%| F|  |TAMS 0x0000000087400000| PB 0x0000000087400000| Untracked 
|  29|0x0000000087500000, 0x0000000087500000, 0x0000000087600000|  0%| F|  |TAMS 0x0000000087500000| PB 0x0000000087500000| Untracked 
|  30|0x0000000087600000, 0x0000000087600000, 0x0000000087700000|  0%| F|  |TAMS 0x0000000087600000| PB 0x0000000087600000| Untracked 
|  31|0x0000000087700000, 0x0000000087700000, 0x0000000087800000|  0%| F|  |TAMS 0x0000000087700000| PB 0x0000000087700000| Untracked 
|  32|0x0000000087800000, 0x0000000087800000, 0x0000000087900000|  0%| F|  |TAMS 0x0000000087800000| PB 0x0000000087800000| Untracked 
|  33|0x0000000087900000, 0x0000000087900000, 0x0000000087a00000|  0%| F|  |TAMS 0x0000000087900000| PB 0x0000000087900000| Untracked 
|  34|0x0000000087a00000, 0x0000000087a00000, 0x0000000087b00000|  0%| F|  |TAMS 0x0000000087a00000| PB 0x0000000087a00000| Untracked 
|  35|0x0000000087b00000, 0x0000000087b00000, 0x0000000087c00000|  0%| F|  |TAMS 0x0000000087b00000| PB 0x0000000087b00000| Untracked 
|  36|0x0000000087c00000, 0x0000000087c00000, 0x0000000087d00000|  0%| F|  |TAMS 0x0000000087c00000| PB 0x0000000087c00000| Untracked 
|  37|0x0000000087d00000, 0x0000000087d00000, 0x0000000087e00000|  0%| F|  |TAMS 0x0000000087d00000| PB 0x0000000087d00000| Untracked 
|  38|0x0000000087e00000, 0x0000000087e00000, 0x0000000087f00000|  0%| F|  |TAMS 0x0000000087e00000| PB 0x0000000087e00000| Untracked 
|  39|0x0000000087f00000, 0x0000000087f00000, 0x0000000088000000|  0%| F|  |TAMS 0x0000000087f00000| PB 0x0000000087f00000| Untracked 
|  40|0x0000000088000000, 0x0000000088000000, 0x0000000088100000|  0%| F|  |TAMS 0x0000000088000000| PB 0x0000000088000000| Untracked 
|  41|0x0000000088100000, 0x0000000088100000, 0x0000000088200000|  0%| F|  |TAMS 0x0000000088100000| PB 0x0000000088100000| Untracked 
|  42|0x0000000088200000, 0x0000000088200000, 0x0000000088300000|  0%| F|  |TAMS 0x0000000088200000| PB 0x0000000088200000| Untracked 
|  43|0x0000000088300000, 0x0000000088300000, 0x0000000088400000|  0%| F|  |TAMS 0x0000000088300000| PB 0x0000000088300000| Untracked 
|  44|0x0000000088400000, 0x000000008843d780, 0x0000000088500000| 24%| E|  |TAMS 0x0000000088400000| PB 0x000000008843d780| Complete 
|  45|0x0000000088500000, 0x0000000088600000, 0x0000000088600000|100%| E|  |TAMS 0x0000000088500000| PB 0x0000000088600000| Complete 
|  46|0x0000000088600000, 0x0000000088700000, 0x0000000088700000|100%| E|  |TAMS 0x0000000088600000| PB 0x0000000088700000| Complete 
|  47|0x0000000088700000, 0x0000000088800000, 0x0000000088800000|100%| E|  |TAMS 0x0000000088700000| PB 0x0000000088800000| Complete 
|  48|0x0000000088800000, 0x0000000088900000, 0x0000000088900000|100%| E|  |TAMS 0x0000000088800000| PB 0x0000000088900000| Complete 
|  49|0x0000000088900000, 0x0000000088a00000, 0x0000000088a00000|100%| E|  |TAMS 0x0000000088900000| PB 0x0000000088a00000| Complete 
|  50|0x0000000088a00000, 0x0000000088b00000, 0x0000000088b00000|100%| E|  |TAMS 0x0000000088a00000| PB 0x0000000088b00000| Complete 
|  51|0x0000000088b00000, 0x0000000088c00000, 0x0000000088c00000|100%| E|  |TAMS 0x0000000088b00000| PB 0x0000000088c00000| Complete 
|  52|0x0000000088c00000, 0x0000000088d00000, 0x0000000088d00000|100%| E|  |TAMS 0x0000000088c00000| PB 0x0000000088d00000| Complete 
|  53|0x0000000088d00000, 0x0000000088e00000, 0x0000000088e00000|100%| E|  |TAMS 0x0000000088d00000| PB 0x0000000088e00000| Complete 
|  54|0x0000000088e00000, 0x0000000088f00000, 0x0000000088f00000|100%| E|  |TAMS 0x0000000088e00000| PB 0x0000000088f00000| Complete 
|  55|0x0000000088f00000, 0x0000000089000000, 0x0000000089000000|100%| E|  |TAMS 0x0000000088f00000| PB 0x0000000089000000| Complete 
|  56|0x0000000089000000, 0x0000000089100000, 0x0000000089100000|100%| E|  |TAMS 0x0000000089000000| PB 0x0000000089100000| Complete 
|  57|0x0000000089100000, 0x0000000089200000, 0x0000000089200000|100%| E|  |TAMS 0x0000000089100000| PB 0x0000000089200000| Complete 
|  58|0x0000000089200000, 0x0000000089300000, 0x0000000089300000|100%| E|  |TAMS 0x0000000089200000| PB 0x0000000089300000| Complete 
|  59|0x0000000089300000, 0x0000000089400000, 0x0000000089400000|100%| E|  |TAMS 0x0000000089300000| PB 0x0000000089400000| Complete 
|  60|0x0000000089400000, 0x0000000089500000, 0x0000000089500000|100%| E|  |TAMS 0x0000000089400000| PB 0x0000000089500000| Complete 
|  61|0x0000000089500000, 0x0000000089600000, 0x0000000089600000|100%| E|  |TAMS 0x0000000089500000| PB 0x0000000089600000| Complete 
|  62|0x0000000089600000, 0x0000000089700000, 0x0000000089700000|100%| E|  |TAMS 0x0000000089600000| PB 0x0000000089700000| Complete 
|  63|0x0000000089700000, 0x0000000089800000, 0x0000000089800000|100%| E|  |TAMS 0x0000000089700000| PB 0x0000000089800000| Complete 

Card table byte_map: [0x00007d30efd57000,0x00007d30f012b000] _byte_map_base: 0x00007d30ef92b000

Marking Bits: (CMBitMap*) 0x00007d30f4086e40
 Bits: [0x00007d30edeb7000, 0x00007d30efd57000)

Polling page: 0x00007d30fcee4000

Metaspace:

Usage:
  Non-class:     42,50 MB used.
      Class:      6,68 MB used.
       Both:     49,19 MB used.

Virtual space:
  Non-class space:       64,00 MB reserved,      42,94 MB ( 67%) committed,  1 nodes.
      Class space:        1,00 GB reserved,       7,00 MB ( <1%) committed,  1 nodes.
             Both:        1,06 GB reserved,      49,94 MB (  5%) committed. 

Chunk freelists:
   Non-Class:  4,53 MB
       Class:  8,99 MB
        Both:  13,52 MB

MaxMetaspaceSize: unlimited
CompressedClassSpaceSize: 1,00 GB
Initial GC threshold: 21,00 MB
Current GC threshold: 82,62 MB
CDS: on
 - commit_granule_bytes: 65536.
 - commit_granule_words: 8192.
 - virtual_space_node_default_size: 8388608.
 - enlarge_chunks_in_place: 1.
 - use_allocation_guard: 0.


Internal statistics:

num_allocs_failed_limit: 11.
num_arena_births: 1760.
num_arena_deaths: 786.
num_vsnodes_births: 2.
num_vsnodes_deaths: 0.
num_space_committed: 799.
num_space_uncommitted: 0.
num_chunks_returned_to_freelist: 910.
num_chunks_taken_from_freelist: 3875.
num_chunk_merges: 184.
num_chunk_splits: 2240.
num_chunks_enlarged: 1552.
num_inconsistent_stats: 0.

CodeCache: size=49152Kb used=14981Kb max_used=15773Kb free=34170Kb
 bounds [0x00007d30f8400000, 0x00007d30f9370000, 0x00007d30fb400000]
 total_blobs=8061 nmethods=7409 adapters=574
 compilation: enabled
              stopped_count=0, restarted_count=0
 full_count=0

Compilation events (20 events):
Event: 1354,908 Thread 0x00007d30f4150020 nmethod 9873 0x00007d30f921ea90 code [0x00007d30f921ec20, 0x00007d30f921ece0]
Event: 1354,908 Thread 0x00007d30f4150020 9874       1       org.apache.catalina.core.StandardContext::getReloadable (5 bytes)
Event: 1354,908 Thread 0x00007d30f4150020 nmethod 9874 0x00007d30f921e790 code [0x00007d30f921e920, 0x00007d30f921e9e8]
Event: 1354,908 Thread 0x00007d30f4150020 9875       1       org.apache.catalina.core.StandardWrapper::getServlet (5 bytes)
Event: 1354,908 Thread 0x00007d30f4150020 nmethod 9875 0x00007d30f921e490 code [0x00007d30f921e620, 0x00007d30f921e6e8]
Event: 1354,992 Thread 0x00007d30f4150020 9876       1       org.bson.BsonDocument::<init> (12 bytes)
Event: 1354,992 Thread 0x00007d30f4150020 nmethod 9876 0x00007d30f921e010 code [0x00007d30f921e1c0, 0x00007d30f921e3a0]
Event: 1355,138 Thread 0x00007d30f4150020 9877       1       com.mongodb.connection.TopologyVersion::equals (55 bytes)
Event: 1355,138 Thread 0x00007d30f4150020 nmethod 9877 0x00007d30f921db10 code [0x00007d30f921dcc0, 0x00007d30f921def0]
Event: 1420,404 Thread 0x00007d30f4150020 9878       1       java.net.NetworkInterface::isPointToPoint (12 bytes)
Event: 1420,404 Thread 0x00007d30f4150020 nmethod 9878 0x00007d30f921d810 code [0x00007d30f921d9a0, 0x00007d30f921da90]
Event: 1420,404 Thread 0x00007d30f4150020 9879       1       java.net.NetworkInterface::isUp (12 bytes)
Event: 1420,404 Thread 0x00007d30f4150020 nmethod 9879 0x00007d30f921d510 code [0x00007d30f921d6a0, 0x00007d30f921d790]
Event: 1420,412 Thread 0x00007d30f4150020 9880   !   1       java.lang.Thread::interrupt (61 bytes)
Event: 1420,413 Thread 0x00007d30f4150020 nmethod 9880 0x00007d30f921cf90 code [0x00007d30f921d140, 0x00007d30f921d3b8]
Event: 1420,415 Thread 0x00007d30f4150020 9881       1       sun.nio.ch.SocketOptionRegistry::findOption (23 bytes)
Event: 1420,417 Thread 0x00007d30f4150020 nmethod 9881 0x00007d30f921c690 code [0x00007d30f921c840, 0x00007d30f921caa0]
Event: 1420,417 Thread 0x00007d30f4150020 9882       1       sun.nio.ch.SocketOptionRegistry$RegistryKey::equals (48 bytes)
Event: 1420,418 Thread 0x00007d30f4150020 nmethod 9882 0x00007d30f921c210 code [0x00007d30f921c3c0, 0x00007d30f921c5e8]
Event: 1420,419 Thread 0x00007d30f4150020 9884  s!   1       org.apache.catalina.util.LifecycleBase::stop (361 bytes)

GC Heap History (20 events):
Event: 1033,441 GC heap after
{Heap after GC invocations=45 (full 8):
 garbage-first heap   total 65536K, used 25857K [0x0000000085800000, 0x0000000100000000)
  region size 1024K, 1 young (1024K), 1 survivors (1024K)
 Metaspace       used 50081K, committed 50752K, reserved 1114112K
  class space    used 6784K, committed 7040K, reserved 1048576K
}
Event: 1034,276 GC heap before
{Heap before GC invocations=45 (full 8):
 garbage-first heap   total 65536K, used 58625K [0x0000000085800000, 0x0000000100000000)
  region size 1024K, 33 young (33792K), 1 survivors (1024K)
 Metaspace       used 50081K, committed 50752K, reserved 1114112K
  class space    used 6784K, committed 7040K, reserved 1048576K
}
Event: 1034,280 GC heap after
{Heap after GC invocations=46 (full 8):
 garbage-first heap   total 65536K, used 25930K [0x0000000085800000, 0x0000000100000000)
  region size 1024K, 1 young (1024K), 1 survivors (1024K)
 Metaspace       used 50081K, committed 50752K, reserved 1114112K
  class space    used 6784K, committed 7040K, reserved 1048576K
}
Event: 1035,175 GC heap before
{Heap before GC invocations=46 (full 8):
 garbage-first heap   total 65536K, used 58698K [0x0000000085800000, 0x0000000100000000)
  region size 1024K, 33 young (33792K), 1 survivors (1024K)
 Metaspace       used 50081K, committed 50752K, reserved 1114112K
  class space    used 6784K, committed 7040K, reserved 1048576K
}
Event: 1035,178 GC heap after
{Heap after GC invocations=47 (full 8):
 garbage-first heap   total 65536K, used 25852K [0x0000000085800000, 0x0000000100000000)
  region size 1024K, 1 young (1024K), 1 survivors (1024K)
 Metaspace       used 50081K, committed 50752K, reserved 1114112K
  class space    used 6784K, committed 7040K, reserved 1048576K
}
Event: 1036,002 GC heap before
{Heap before GC invocations=47 (full 8):
 garbage-first heap   total 65536K, used 58620K [0x0000000085800000, 0x0000000100000000)
  region size 1024K, 33 young (33792K), 1 survivors (1024K)
 Metaspace       used 50081K, committed 50752K, reserved 1114112K
  class space    used 6784K, committed 7040K, reserved 1048576K
}
Event: 1036,006 GC heap after
{Heap after GC invocations=48 (full 8):
 garbage-first heap   total 65536K, used 25880K [0x0000000085800000, 0x0000000100000000)
  region size 1024K, 1 young (1024K), 1 survivors (1024K)
 Metaspace       used 50081K, committed 50752K, reserved 1114112K
  class space    used 6784K, committed 7040K, reserved 1048576K
}
Event: 1037,023 GC heap before
{Heap before GC invocations=48 (full 8):
 garbage-first heap   total 65536K, used 58648K [0x0000000085800000, 0x0000000100000000)
  region size 1024K, 33 young (33792K), 1 survivors (1024K)
 Metaspace       used 50081K, committed 50752K, reserved 1114112K
  class space    used 6784K, committed 7040K, reserved 1048576K
}
Event: 1037,028 GC heap after
{Heap after GC invocations=49 (full 8):
 garbage-first heap   total 65536K, used 25898K [0x0000000085800000, 0x0000000100000000)
  region size 1024K, 1 young (1024K), 1 survivors (1024K)
 Metaspace       used 50081K, committed 50752K, reserved 1114112K
  class space    used 6784K, committed 7040K, reserved 1048576K
}
Event: 1037,959 GC heap before
{Heap before GC invocations=49 (full 8):
 garbage-first heap   total 65536K, used 57642K [0x0000000085800000, 0x0000000100000000)
  region size 1024K, 32 young (32768K), 1 survivors (1024K)
 Metaspace       used 50081K, committed 50752K, reserved 1114112K
  class space    used 6784K, committed 7040K, reserved 1048576K
}
Event: 1037,960 GC heap after
{Heap after GC invocations=50 (full 8):
 garbage-first heap   total 65536K, used 25893K [0x0000000085800000, 0x0000000100000000)
  region size 1024K, 1 young (1024K), 1 survivors (1024K)
 Metaspace       used 50081K, committed 50752K, reserved 1114112K
  class space    used 6784K, committed 7040K, reserved 1048576K
}
Event: 1038,867 GC heap before
{Heap before GC invocations=50 (full 8):
 garbage-first heap   total 65536K, used 57637K [0x0000000085800000, 0x0000000100000000)
  region size 1024K, 32 young (32768K), 1 survivors (1024K)
 Metaspace       used 50081K, committed 50752K, reserved 1114112K
  class space    used 6784K, committed 7040K, reserved 1048576K
}
Event: 1038,868 GC heap after
{Heap after GC invocations=51 (full 8):
 garbage-first heap   total 65536K, used 25895K [0x0000000085800000, 0x0000000100000000)
  region size 1024K, 1 young (1024K), 1 survivors (1024K)
 Metaspace       used 50081K, committed 50752K, reserved 1114112K
  class space    used 6784K, committed 7040K, reserved 1048576K
}
Event: 1039,857 GC heap before
{Heap before GC invocations=51 (full 8):
 garbage-first heap   total 65536K, used 57639K [0x0000000085800000, 0x0000000100000000)
  region size 1024K, 32 young (32768K), 1 survivors (1024K)
 Metaspace       used 50081K, committed 50752K, reserved 1114112K
  class space    used 6784K, committed 7040K, reserved 1048576K
}
Event: 1039,858 GC heap after
{Heap after GC invocations=52 (full 8):
 garbage-first heap   total 65536K, used 25894K [0x0000000085800000, 0x0000000100000000)
  region size 1024K, 1 young (1024K), 1 survivors (1024K)
 Metaspace       used 50081K, committed 50752K, reserved 1114112K
  class space    used 6784K, committed 7040K, reserved 1048576K
}
Event: 1164,067 GC heap before
{Heap before GC invocations=52 (full 8):
 garbage-first heap   total 65536K, used 35110K [0x0000000085800000, 0x0000000100000000)
  region size 1024K, 11 young (11264K), 1 survivors (1024K)
 Metaspace       used 50092K, committed 50752K, reserved 1114112K
  class space    used 6786K, committed 7040K, reserved 1048576K
}
Event: 1164,153 GC heap after
{Heap after GC invocations=53 (full 9):
 garbage-first heap   total 65536K, used 19377K [0x0000000085800000, 0x0000000100000000)
  region size 1024K, 0 young (0K), 0 survivors (0K)
 Metaspace       used 49982K, committed 50752K, reserved 1114112K
  class space    used 6760K, committed 7040K, reserved 1048576K
}
Event: 1165,270 GC heap before
{Heap before GC invocations=53 (full 9):
 garbage-first heap   total 65536K, used 57265K [0x0000000085800000, 0x0000000100000000)
  region size 1024K, 38 young (38912K), 0 survivors (0K)
 Metaspace       used 50225K, committed 50944K, reserved 1114112K
  class space    used 6810K, committed 7104K, reserved 1048576K
}
Event: 1165,295 GC heap after
{Heap after GC invocations=54 (full 9):
 garbage-first heap   total 65536K, used 24832K [0x0000000085800000, 0x0000000100000000)
  region size 1024K, 5 young (5120K), 5 survivors (5120K)
 Metaspace       used 50225K, committed 50944K, reserved 1114112K
  class space    used 6810K, committed 7104K, reserved 1048576K
}
Event: 1420,420 GC heap before
{Heap before GC invocations=54 (full 9):
 garbage-first heap   total 65536K, used 44288K [0x0000000085800000, 0x0000000100000000)
  region size 1024K, 25 young (25600K), 5 survivors (5120K)
 Metaspace       used 50366K, committed 51136K, reserved 1114112K
  class space    used 6841K, committed 7168K, reserved 1048576K
}

Dll operation events (11 events):
Event: 0,003 Loaded shared library /opt/dev/tools/sts-4.31.0.RELEASE/plugins/org.eclipse.justj.openjdk.hotspot.jre.full.linux.x86_64_21.0.7.v20250502-0916/jre/lib/libjava.so
Event: 0,086 Loaded shared library /opt/dev/tools/sts-4.31.0.RELEASE/plugins/org.eclipse.justj.openjdk.hotspot.jre.full.linux.x86_64_21.0.7.v20250502-0916/jre/lib/libzip.so
Event: 0,241 Loaded shared library /opt/dev/tools/sts-4.31.0.RELEASE/plugins/org.eclipse.justj.openjdk.hotspot.jre.full.linux.x86_64_21.0.7.v20250502-0916/jre/lib/libinstrument.so
Event: 0,246 Loaded shared library /opt/dev/tools/sts-4.31.0.RELEASE/plugins/org.eclipse.justj.openjdk.hotspot.jre.full.linux.x86_64_21.0.7.v20250502-0916/jre/lib/libnio.so
Event: 0,260 Loaded shared library /opt/dev/tools/sts-4.31.0.RELEASE/plugins/org.eclipse.justj.openjdk.hotspot.jre.full.linux.x86_64_21.0.7.v20250502-0916/jre/lib/libzip.so
Event: 0,422 Loaded shared library /opt/dev/tools/sts-4.31.0.RELEASE/plugins/org.eclipse.justj.openjdk.hotspot.jre.full.linux.x86_64_21.0.7.v20250502-0916/jre/lib/libjimage.so
Event: 0,510 Loaded shared library /opt/dev/tools/sts-4.31.0.RELEASE/plugins/org.eclipse.justj.openjdk.hotspot.jre.full.linux.x86_64_21.0.7.v20250502-0916/jre/lib/libmanagement.so
Event: 0,530 Loaded shared library /opt/dev/tools/sts-4.31.0.RELEASE/plugins/org.eclipse.justj.openjdk.hotspot.jre.full.linux.x86_64_21.0.7.v20250502-0916/jre/lib/libmanagement_ext.so
Event: 0,599 Loaded shared library /opt/dev/tools/sts-4.31.0.RELEASE/plugins/org.eclipse.justj.openjdk.hotspot.jre.full.linux.x86_64_21.0.7.v20250502-0916/jre/lib/libnet.so
Event: 0,809 Loaded shared library /opt/dev/tools/sts-4.31.0.RELEASE/plugins/org.eclipse.justj.openjdk.hotspot.jre.full.linux.x86_64_21.0.7.v20250502-0916/jre/lib/libextnet.so
Event: 0,835 Loaded shared library /opt/dev/tools/sts-4.31.0.RELEASE/plugins/org.eclipse.justj.openjdk.hotspot.jre.full.linux.x86_64_21.0.7.v20250502-0916/jre/lib/libverify.so

Deoptimization events (20 events):
Event: 1420,419 Thread 0x00007d306c007930 DEOPT PACKING pc=0x00007d30f8b2a48c sp=0x00007d308adfbf60
Event: 1420,419 Thread 0x00007d306c007930 DEOPT UNPACKING pc=0x00007d30f845472f sp=0x00007d308adfb540 mode 1
Event: 1420,419 Thread 0x00007d30682f7c10 DEOPT PACKING pc=0x00007d30f85ccd94 sp=0x00007d30dd7fb4c0
Event: 1420,419 Thread 0x00007d305c0f6bf0 DEOPT PACKING pc=0x00007d30f862d934 sp=0x00007d30dc6fb840
Event: 1420,419 Thread 0x00007d305c0f6bf0 DEOPT UNPACKING pc=0x00007d30f845472f sp=0x00007d30dc6fad48 mode 1
Event: 1420,419 Thread 0x00007d30682f7c10 DEOPT UNPACKING pc=0x00007d30f845472f sp=0x00007d30dd7faa80 mode 1
Event: 1420,420 Thread 0x00007d30682f7c10 DEOPT PACKING pc=0x00007d30f85ca0bc sp=0x00007d30dd7fb630
Event: 1420,420 Thread 0x00007d30682f7c10 DEOPT UNPACKING pc=0x00007d30f845472f sp=0x00007d30dd7faba8 mode 1
Event: 1420,420 Thread 0x00007d30682f7c10 DEOPT PACKING pc=0x00007d30f85c99ec sp=0x00007d30dd7fb760
Event: 1420,420 Thread 0x00007d30682f7c10 DEOPT UNPACKING pc=0x00007d30f845472f sp=0x00007d30dd7fac10 mode 1
Event: 1420,420 Thread 0x00007d30682f7c10 DEOPT PACKING pc=0x00007d30f85d5c74 sp=0x00007d30dd7fb790
Event: 1420,420 Thread 0x00007d30682f7c10 DEOPT UNPACKING pc=0x00007d30f845472f sp=0x00007d30dd7facb0 mode 1
Event: 1420,420 Thread 0x00007d305c0f64f0 DEOPT PACKING pc=0x00007d30f863a2c4 sp=0x00007d30dc1fb4a0
Event: 1420,420 Thread 0x00007d305c0f64f0 DEOPT UNPACKING pc=0x00007d30f845472f sp=0x00007d30dc1faa50 mode 1
Event: 1420,420 Thread 0x00007d305c0f64f0 DEOPT PACKING pc=0x00007d30f85ca164 sp=0x00007d30dc1fb630
Event: 1420,420 Thread 0x00007d305c0f64f0 DEOPT UNPACKING pc=0x00007d30f845472f sp=0x00007d30dc1faba8 mode 1
Event: 1420,420 Thread 0x00007d305c0f64f0 DEOPT PACKING pc=0x00007d30f85c99ec sp=0x00007d30dc1fb760
Event: 1420,420 Thread 0x00007d305c0f64f0 DEOPT UNPACKING pc=0x00007d30f845472f sp=0x00007d30dc1fac10 mode 1
Event: 1420,420 Thread 0x00007d305c0f64f0 DEOPT PACKING pc=0x00007d30f85d5c74 sp=0x00007d30dc1fb790
Event: 1420,420 Thread 0x00007d305c0f64f0 DEOPT UNPACKING pc=0x00007d30f845472f sp=0x00007d30dc1facb0 mode 1

Classes loaded (20 events):
Event: 112,823 Loading class java/nio/channels/AsynchronousCloseException done
Event: 112,823 Loading class java/nio/channels/ClosedByInterruptException done
Event: 112,910 Loading class java/lang/ref/Finalizer$2
Event: 112,910 Loading class java/lang/ref/Finalizer$2 done
Event: 112,911 Loading class java/lang/ref/Finalizer$1
Event: 112,911 Loading class java/lang/ref/Finalizer$1 done
Event: 475,701 Loading class java/time/DurationEditor
Event: 475,701 Loading class java/time/DurationEditor done
Event: 836,002 Loading class java/lang/invoke/MethodHandleImpl$CountingWrapper$1
Event: 836,002 Loading class java/lang/invoke/MethodHandleImpl$CountingWrapper$1 done
Event: 1023,431 Loading class javax/xml/datatype/XMLGregorianCalendar
Event: 1023,431 Loading class javax/xml/datatype/XMLGregorianCalendar done
Event: 1023,445 Loading class java/math/MathContext
Event: 1023,446 Loading class java/math/MathContext done
Event: 1023,447 Loading class jdk/internal/reflect/AccessorUtils
Event: 1023,447 Loading class jdk/internal/reflect/AccessorUtils done
Event: 1023,451 Loading class jdk/internal/loader/BootLoader$PackageHelper
Event: 1023,451 Loading class jdk/internal/loader/BootLoader$PackageHelper done
Event: 1165,214 Loading class java/time/DurationEditor
Event: 1165,214 Loading class java/time/DurationEditor done

Classes unloaded (20 events):
Event: 1164,097 Thread 0x00007d30f413ecf0 Unloading class 0x00007d30900c1400 'java/lang/invoke/LambdaForm$MH+0x00007d30900c1400'
Event: 1164,097 Thread 0x00007d30f413ecf0 Unloading class 0x00007d30906a2c00 'java/lang/invoke/LambdaForm$DMH+0x00007d30906a2c00'
Event: 1164,097 Thread 0x00007d30f413ecf0 Unloading class 0x00007d30906a2800 'jdk/internal/reflect/GeneratedSerializationConstructorAccessor30'
Event: 1164,097 Thread 0x00007d30f413ecf0 Unloading class 0x00007d30906a3400 'jdk/internal/reflect/GeneratedSerializationConstructorAccessor29'
Event: 1164,097 Thread 0x00007d30f413ecf0 Unloading class 0x00007d30906a8c00 'jdk/internal/reflect/GeneratedSerializationConstructorAccessor27'
Event: 1164,097 Thread 0x00007d30f413ecf0 Unloading class 0x00007d3090003400 'jdk/internal/reflect/GeneratedSerializationConstructorAccessor25'
Event: 1164,097 Thread 0x00007d30f413ecf0 Unloading class 0x00007d3090005400 'jdk/internal/reflect/GeneratedSerializationConstructorAccessor23'
Event: 1164,097 Thread 0x00007d30f413ecf0 Unloading class 0x00007d3090006400 'jdk/internal/reflect/GeneratedSerializationConstructorAccessor21'
Event: 1164,097 Thread 0x00007d30f413ecf0 Unloading class 0x00007d3090388800 'java/lang/invoke/LambdaForm$MH+0x00007d3090388800'
Event: 1164,097 Thread 0x00007d30f413ecf0 Unloading class 0x00007d309052c400 'java/lang/invoke/LambdaForm$MH+0x00007d309052c400'
Event: 1164,097 Thread 0x00007d30f413ecf0 Unloading class 0x00007d309058c400 'java/lang/invoke/LambdaForm$DMH+0x00007d309058c400'
Event: 1164,097 Thread 0x00007d30f413ecf0 Unloading class 0x00007d30906a1800 'java/lang/invoke/LambdaForm$MH+0x00007d30906a1800'
Event: 1164,097 Thread 0x00007d30f413ecf0 Unloading class 0x00007d30906a9800 'java/lang/invoke/LambdaForm$MH+0x00007d30906a9800'
Event: 1164,097 Thread 0x00007d30f413ecf0 Unloading class 0x00007d30900c3c00 'java/lang/invoke/LambdaForm$DMH+0x00007d30900c3c00'
Event: 1164,097 Thread 0x00007d30f413ecf0 Unloading class 0x00007d3090120c00 'java/lang/invoke/LambdaForm$MH+0x00007d3090120c00'
Event: 1164,097 Thread 0x00007d30f413ecf0 Unloading class 0x00007d3090181000 'java/lang/invoke/LambdaForm$MH+0x00007d3090181000'
Event: 1164,097 Thread 0x00007d30f413ecf0 Unloading class 0x00007d30906d9c00 'java/lang/invoke/LambdaForm$MH+0x00007d30906d9c00'
Event: 1164,097 Thread 0x00007d30f413ecf0 Unloading class 0x00007d30906ecc00 'java/lang/invoke/LambdaForm$MH+0x00007d30906ecc00'
Event: 1164,097 Thread 0x00007d30f413ecf0 Unloading class 0x00007d30906db400 'java/lang/invoke/LambdaForm$MH+0x00007d30906db400'
Event: 1164,097 Thread 0x00007d30f413ecf0 Unloading class 0x00007d3090112400 'jdk/internal/reflect/GeneratedSerializationConstructorAccessor6'

Classes redefined (8 events):
Event: 763,973 Thread 0x00007d30f413ecf0 redefined class name=com.btgpactual.ordens.listener.OrderCreatedListener, count=1
Event: 763,973 Thread 0x00007d30f413ecf0 redefined class name=com.btgpactual.ordens.listener.OrderCreatedListener, count=1
Event: 763,973 Thread 0x00007d30f413ecf0 redefined class name=com.btgpactual.ordens.listener.OrderCreatedListener, count=1
Event: 763,973 Thread 0x00007d30f413ecf0 redefined class name=com.btgpactual.ordens.listener.OrderCreatedListener, count=1
Event: 763,973 Thread 0x00007d30f413ecf0 redefined class name=com.btgpactual.ordens.listener.OrderCreatedListener, count=1
Event: 763,973 Thread 0x00007d30f413ecf0 redefined class name=com.btgpactual.ordens.listener.OrderCreatedListener, count=1
Event: 1158,302 Thread 0x00007d30f413ecf0 redefined class name=com.btgpactual.ordens.listener.dto.OrderCreatedEvent, count=1
Event: 1158,302 Thread 0x00007d30f413ecf0 redefined class name=com.btgpactual.ordens.listener.dto.OrderCreatedEvent, count=1

Internal exceptions (20 events):
Event: 1039,991 Thread 0x00007d30680b0b40 Exception <a 'java/lang/NullPointerException'{0x0000000089393608}> (0x0000000089393608) 
thrown [src/hotspot/share/runtime/sharedRuntime.cpp, line 1202]
Event: 1039,999 Thread 0x00007d30680b0b40 Exception <a 'java/lang/NullPointerException'{0x00000000893afc98}> (0x00000000893afc98) 
thrown [src/hotspot/share/runtime/sharedRuntime.cpp, line 1202]
Event: 1040,003 Thread 0x00007d30680b0b40 Exception <a 'java/lang/NullPointerException'{0x00000000893cc328}> (0x00000000893cc328) 
thrown [src/hotspot/share/runtime/sharedRuntime.cpp, line 1202]
Event: 1040,007 Thread 0x00007d30680b0b40 Exception <a 'java/lang/NullPointerException'{0x00000000893e89b8}> (0x00000000893e89b8) 
thrown [src/hotspot/share/runtime/sharedRuntime.cpp, line 1202]
Event: 1040,012 Thread 0x00007d30680b0b40 Exception <a 'java/lang/NullPointerException'{0x000000008920a5e8}> (0x000000008920a5e8) 
thrown [src/hotspot/share/runtime/sharedRuntime.cpp, line 1202]
Event: 1040,016 Thread 0x00007d30680b0b40 Exception <a 'java/lang/NullPointerException'{0x0000000089226c78}> (0x0000000089226c78) 
thrown [src/hotspot/share/runtime/sharedRuntime.cpp, line 1202]
Event: 1044,943 Thread 0x00007d30680b0b40 Exception <a 'java/lang/NullPointerException'{0x0000000089243170}> (0x0000000089243170) 
thrown [src/hotspot/share/interpreter/linkResolver.cpp, line 1456]
Event: 1076,469 Thread 0x00007d30680b0b40 Exception <a 'java/lang/NullPointerException'{0x000000008925fc50}> (0x000000008925fc50) 
thrown [src/hotspot/share/interpreter/linkResolver.cpp, line 1456]
Event: 1164,064 Thread 0x00007d306001c4e0 Exception <a 'java/lang/InterruptedException'{0x0000000088e35300}: sleep interrupted> (0x0000000088e35300) 
thrown [src/hotspot/share/prims/jvm.cpp, line 3074]
Event: 1164,067 Thread 0x00007d306831e080 Exception <a 'java/lang/InterruptedException'{0x0000000088efd3a8}: sleep interrupted> (0x0000000088efd3a8) 
thrown [src/hotspot/share/prims/jvm.cpp, line 3074]
Event: 1164,184 Thread 0x00007d304c013050 Exception <a 'sun/nio/fs/UnixException'{0x00000000897a57a0}> (0x00000000897a57a0) 
thrown [src/hotspot/share/prims/jni.cpp, line 520]
Event: 1164,691 Thread 0x00007d304c013050 Exception <a 'java/lang/NoClassDefFoundError'{0x00000000881d3940}: org/flywaydb/core/Flyway> (0x00000000881d3940) 
thrown [src/hotspot/share/oops/constantPool.cpp, line 873]
Event: 1164,811 Thread 0x00007d304c013050 Exception <a 'java/lang/NoClassDefFoundError'{0x00000000881d3fa0}: liquibase/integration/spring/SpringLiquibase> (0x00000000881d3fa0) 
thrown [src/hotspot/share/oops/constantPool.cpp, line 873]
Event: 1164,827 Thread 0x00007d304c013050 Exception <a 'java/lang/NoSuchMethodError'{0x000000008807b630}: 'void java.lang.invoke.DelegatingMethodHandle$Holder.reinvoke_L(java.lang.Object, java.lang.Object, int)'> (0x000000008807b630) 
thrown [src/hotspot/share/interpreter/linkResolver.cpp, line 772]
Event: 1164,881 Thread 0x00007d304c013050 Exception <a 'java/lang/NoSuchMethodError'{0x0000000087c72780}: 'int java.lang.invoke.DirectMethodHandle$Holder.invokeVirtual(java.lang.Object, java.lang.Object, java.lang.Object, java.lang.Object)'> (0x0000000087c72780) 
thrown [src/hotspot/share/interpreter/linkResolver.cpp, line 772]
Event: 1164,882 Thread 0x00007d304c013050 Exception <a 'java/lang/NoSuchMethodError'{0x0000000087c75d78}: 'int java.lang.invoke.DelegatingMethodHandle$Holder.reinvoke_L(java.lang.Object, java.lang.Object, java.lang.Object, java.lang.Object)'> (0x0000000087c75d78) 
thrown [src/hotspot/share/interpreter/linkResolver.cpp, line 772]
Event: 1164,885 Thread 0x00007d304c013050 Exception <a 'java/io/FileNotFoundException'{0x0000000087cacea0}> (0x0000000087cacea0) 
thrown [src/hotspot/share/prims/jni.cpp, line 520]
Event: 1164,899 Thread 0x00007d304c013050 Exception <a 'java/io/FileNotFoundException'{0x0000000087bc0460}> (0x0000000087bc0460) 
thrown [src/hotspot/share/prims/jni.cpp, line 520]
Event: 1420,416 Thread 0x00007d30682b4370 Exception <a 'java/lang/InterruptedException'{0x00000000886d5308}: sleep interrupted> (0x00000000886d5308) 
thrown [src/hotspot/share/prims/jvm.cpp, line 3074]
Event: 1420,419 Thread 0x00007d305c0f6bf0 Exception <a 'java/lang/InterruptedException'{0x000000008842c958}: sleep interrupted> (0x000000008842c958) 
thrown [src/hotspot/share/prims/jvm.cpp, line 3074]

ZGC Phase Switch (0 events):
No events

VM Operations (20 events):
Event: 1415,533 Executing VM operation: get/set locals done
Event: 1415,533 Executing VM operation: get/set locals
Event: 1415,533 Executing VM operation: get/set locals done
Event: 1415,534 Executing VM operation: get/set locals
Event: 1415,534 Executing VM operation: get/set locals done
Event: 1415,534 Executing VM operation: get/set locals
Event: 1415,534 Executing VM operation: get/set locals done
Event: 1415,535 Executing VM operation: get/set locals
Event: 1415,535 Executing VM operation: get/set locals done
Event: 1415,535 Executing VM operation: get/set locals
Event: 1415,535 Executing VM operation: get/set locals done
Event: 1415,535 Executing VM operation: get/set locals
Event: 1415,535 Executing VM operation: get/set locals done
Event: 1415,536 Executing VM operation: get/set locals
Event: 1415,536 Executing VM operation: get/set locals done
Event: 1415,536 Executing VM operation: get/set locals
Event: 1415,536 Executing VM operation: get/set locals done
Event: 1415,536 Executing VM operation: get/set locals
Event: 1415,536 Executing VM operation: get/set locals done
Event: 1420,420 Executing VM operation: G1CollectFull (System.gc())

Memory protections (20 events):
Event: 1165,494 Protecting memory [0x00007d30dd2fd000,0x00007d30dd301000] with protection modes 0
Event: 1165,494 Protecting memory [0x00007d308a700000,0x00007d308a704000] with protection modes 0
Event: 1165,494 Protecting memory [0x00007d30dc9fd000,0x00007d30dca01000] with protection modes 0
Event: 1165,494 Protecting memory [0x00007d308a800000,0x00007d308a804000] with protection modes 0
Event: 1165,495 Protecting memory [0x00007d30ec400000,0x00007d30ec404000] with protection modes 0
Event: 1165,500 Protecting memory [0x00007d30dcefd000,0x00007d30dcf01000] with protection modes 0
Event: 1165,502 Protecting memory [0x00007d30dc2fd000,0x00007d30dc301000] with protection modes 0
Event: 1165,505 Protecting memory [0x00007d308a300000,0x00007d308a304000] with protection modes 0
Event: 1165,512 Protecting memory [0x00007d30dd1fd000,0x00007d30dd201000] with protection modes 0
Event: 1165,513 Protecting memory [0x00007d30dd3fd000,0x00007d30dd401000] with protection modes 0
Event: 1165,514 Protecting memory [0x00007d308ad00000,0x00007d308ad04000] with protection modes 0
Event: 1165,518 Protecting memory [0x00007d30dc7fd000,0x00007d30dc801000] with protection modes 0
Event: 1165,518 Protecting memory [0x00007d308a500000,0x00007d308a504000] with protection modes 0
Event: 1165,524 Protecting memory [0x00007d30dcdfd000,0x00007d30dce01000] with protection modes 0
Event: 1415,391 Protecting memory [0x00007d308ad00000,0x00007d308ad04000] with protection modes 0
Event: 1415,396 Protecting memory [0x00007d30dc4fd000,0x00007d30dc501000] with protection modes 0
Event: 1415,398 Protecting memory [0x00007d30dc2fd000,0x00007d30dc301000] with protection modes 0
Event: 1420,402 Protecting memory [0x00007d30dd0fd000,0x00007d30dd101000] with protection modes 0
Event: 1420,402 Protecting memory [0x00007d30dc7fd000,0x00007d30dc801000] with protection modes 0
Event: 1420,411 Protecting memory [0x00007d308a300000,0x00007d308a304000] with protection modes 0

Nmethod flushes (20 events):
Event: 1164,115 Thread 0x00007d30f413ecf0 flushing  nmethod 0x00007d30f8dd1590
Event: 1164,115 Thread 0x00007d30f413ecf0 flushing  nmethod 0x00007d30f8dfab10
Event: 1164,115 Thread 0x00007d30f413ecf0 flushing  nmethod 0x00007d30f8e65c90
Event: 1164,115 Thread 0x00007d30f413ecf0 flushing  nmethod 0x00007d30f8e97410
Event: 1164,115 Thread 0x00007d30f413ecf0 flushing  nmethod 0x00007d30f8eb3090
Event: 1164,115 Thread 0x00007d30f413ecf0 flushing  nmethod 0x00007d30f8ed4890
Event: 1164,115 Thread 0x00007d30f413ecf0 flushing  nmethod 0x00007d30f8ef7290
Event: 1164,115 Thread 0x00007d30f413ecf0 flushing  nmethod 0x00007d30f8f02510
Event: 1164,115 Thread 0x00007d30f413ecf0 flushing  nmethod 0x00007d30f8f02810
Event: 1164,115 Thread 0x00007d30f413ecf0 flushing  nmethod 0x00007d30f8f06290
Event: 1164,115 Thread 0x00007d30f413ecf0 flushing  nmethod 0x00007d30f8f11310
Event: 1164,115 Thread 0x00007d30f413ecf0 flushing  nmethod 0x00007d30f8f7a190
Event: 1164,115 Thread 0x00007d30f413ecf0 flushing  nmethod 0x00007d30f8fa9e90
Event: 1164,115 Thread 0x00007d30f413ecf0 flushing  nmethod 0x00007d30f8fbc110
Event: 1164,115 Thread 0x00007d30f413ecf0 flushing  nmethod 0x00007d30f8fc2590
Event: 1164,115 Thread 0x00007d30f413ecf0 flushing  nmethod 0x00007d30f8fe3a10
Event: 1164,115 Thread 0x00007d30f413ecf0 flushing  nmethod 0x00007d30f90bc990
Event: 1164,115 Thread 0x00007d30f413ecf0 flushing  nmethod 0x00007d30f90bcc90
Event: 1164,115 Thread 0x00007d30f413ecf0 flushing  nmethod 0x00007d30f90bed10
Event: 1164,115 Thread 0x00007d30f413ecf0 flushing  nmethod 0x00007d30f90c2410

Events (20 events):
Event: 1420,407 Thread 0x00007d305c11c2a0 Thread exited: 0x00007d305c11c2a0
Event: 1420,407 Thread 0x00007d305c0276e0 Thread exited: 0x00007d305c0276e0
Event: 1420,408 Thread 0x00007d305c10b6f0 Thread exited: 0x00007d305c10b6f0
Event: 1420,409 Thread 0x00007d305c10e700 Thread exited: 0x00007d305c10e700
Event: 1420,409 Thread 0x00007d305c10c280 Thread exited: 0x00007d305c10c280
Event: 1420,409 Thread 0x00007d305c10aff0 Thread exited: 0x00007d305c10aff0
Event: 1420,409 Thread 0x00007d305c10da00 Thread exited: 0x00007d305c10da00
Event: 1420,410 Thread 0x00007d305c122da0 Thread exited: 0x00007d305c122da0
Event: 1420,411 Thread 0x00007d305c1220a0 Thread added: 0x00005cc5f4ff4bf0
Event: 1420,412 Thread 0x00005cc5f4ffaa00 Thread exited: 0x00005cc5f4ffaa00
Event: 1420,413 Thread 0x00005cc5f4ff4bf0 Thread exited: 0x00005cc5f4ff4bf0
Event: 1420,413 Thread 0x00005cc5f4ffd7f0 Thread exited: 0x00005cc5f4ffd7f0
Event: 1420,413 Thread 0x00005cc5f4ffdef0 Thread exited: 0x00005cc5f4ffdef0
Event: 1420,413 Thread 0x00007d305c1220a0 Thread exited: 0x00007d305c1220a0
Event: 1420,416 Thread 0x00007d306831de80 Thread exited: 0x00007d306831de80
Event: 1420,416 Thread 0x00007d30682b4370 Thread exited: 0x00007d30682b4370
Event: 1420,417 Thread 0x00007d305c0f50a0 Thread exited: 0x00007d305c0f50a0
Event: 1420,420 Thread 0x00007d305c0f6bf0 Thread exited: 0x00007d305c0f6bf0
Event: 1420,420 Thread 0x00007d30682f7c10 Thread exited: 0x00007d30682f7c10
Event: 1420,420 Thread 0x00007d305c0f64f0 Thread exited: 0x00007d305c0f64f0


Dynamic libraries:
85800000-89800000 rw-p 00000000 00:00 0 
89800000-100000000 ---p 00000000 00:00 0 
5cc5d0d36000-5cc5d0d37000 r-xp 00000000 08:02 1598090                    /opt/dev/tools/sts-4.31.0.RELEASE/plugins/org.eclipse.justj.openjdk.hotspot.jre.full.linux.x86_64_21.0.7.v20250502-0916/jre/bin/java
5cc5d0d38000-5cc5d0d39000 r--p 00001000 08:02 1598090                    /opt/dev/tools/sts-4.31.0.RELEASE/plugins/org.eclipse.justj.openjdk.hotspot.jre.full.linux.x86_64_21.0.7.v20250502-0916/jre/bin/java
5cc5d0d39000-5cc5d0d3a000 rw-p 00002000 08:02 1598090                    /opt/dev/tools/sts-4.31.0.RELEASE/plugins/org.eclipse.justj.openjdk.hotspot.jre.full.linux.x86_64_21.0.7.v20250502-0916/jre/bin/java
5cc5f4fec000-5cc5f5034000 rw-p 00000000 00:00 0                          [heap]
7d3024000000-7d302506c000 rw-p 00000000 00:00 0 
7d302506c000-7d3028000000 ---p 00000000 00:00 0 
7d302c000000-7d302c0e2000 rw-p 00000000 00:00 0 
7d302c0e2000-7d3030000000 ---p 00000000 00:00 0 
7d3030000000-7d3030430000 rw-p 00000000 00:00 0 
7d3030430000-7d3034000000 ---p 00000000 00:00 0 
7d3034000000-7d3034021000 rw-p 00000000 00:00 0 
7d3034021000-7d3038000000 ---p 00000000 00:00 0 
7d3038000000-7d303807b000 rw-p 00000000 00:00 0 
7d303807b000-7d303c000000 ---p 00000000 00:00 0 
7d303c000000-7d303c1b7000 rw-p 00000000 00:00 0 
7d303c1b7000-7d3040000000 ---p 00000000 00:00 0 
7d3040000000-7d3040021000 rw-p 00000000 00:00 0 
7d3040021000-7d3044000000 ---p 00000000 00:00 0 
7d3044000000-7d3044033000 rw-p 00000000 00:00 0 
7d3044033000-7d3048000000 ---p 00000000 00:00 0 
7d3048000000-7d3048080000 rw-p 00000000 00:00 0 
7d3048080000-7d304c000000 ---p 00000000 00:00 0 
7d304c000000-7d304c021000 rw-p 00000000 00:00 0 
7d304c021000-7d3050000000 ---p 00000000 00:00 0 
7d3050000000-7d3050092000 rw-p 00000000 00:00 0 
7d3050092000-7d3054000000 ---p 00000000 00:00 0 
7d3054000000-7d3054021000 rw-p 00000000 00:00 0 
7d3054021000-7d3058000000 ---p 00000000 00:00 0 
7d3058000000-7d3058021000 rw-p 00000000 00:00 0 
7d3058021000-7d305c000000 ---p 00000000 00:00 0 
7d305c000000-7d305c306000 rw-p 00000000 00:00 0 
7d305c306000-7d3060000000 ---p 00000000 00:00 0 
7d3060000000-7d30600a1000 rw-p 00000000 00:00 0 
7d30600a1000-7d3064000000 ---p 00000000 00:00 0 
7d3064000000-7d3064021000 rw-p 00000000 00:00 0 
7d3064021000-7d3068000000 ---p 00000000 00:00 0 
7d3068000000-7d306837d000 rw-p 00000000 00:00 0 
7d306837d000-7d306c000000 ---p 00000000 00:00 0 
7d306c000000-7d306c021000 rw-p 00000000 00:00 0 
7d306c021000-7d3070000000 ---p 00000000 00:00 0 
7d3070000000-7d3070454000 rw-p 00000000 00:00 0 
7d3070454000-7d3074000000 ---p 00000000 00:00 0 
7d3074000000-7d3074021000 rw-p 00000000 00:00 0 
7d3074021000-7d3078000000 ---p 00000000 00:00 0 
7d3078000000-7d3078021000 rw-p 00000000 00:00 0 
7d3078021000-7d307c000000 ---p 00000000 00:00 0 
7d307c000000-7d307c021000 rw-p 00000000 00:00 0 
7d307c021000-7d3080000000 ---p 00000000 00:00 0 
7d3080000000-7d3080021000 rw-p 00000000 00:00 0 
7d3080021000-7d3084000000 ---p 00000000 00:00 0 
7d3084000000-7d3084b6a000 rw-p 00000000 00:00 0 
7d3084b6a000-7d3088000000 ---p 00000000 00:00 0 
7d3089d1b000-7d308a000000 rw-p 00000000 00:00 0 
7d308a000000-7d308a004000 ---p 00000000 00:00 0 
7d308a004000-7d308a100000 rw-p 00000000 00:00 0 
7d308a100000-7d308a104000 ---p 00000000 00:00 0 
7d308a104000-7d308a200000 rw-p 00000000 00:00 0 
7d308a200000-7d308a204000 ---p 00000000 00:00 0 
7d308a204000-7d308a300000 rw-p 00000000 00:00 0 
7d308a300000-7d308a304000 ---p 00000000 00:00 0 
7d308a304000-7d308a400000 rw-p 00000000 00:00 0 
7d308a400000-7d308a404000 ---p 00000000 00:00 0 
7d308a404000-7d308a500000 rw-p 00000000 00:00 0 
7d308a500000-7d308a504000 ---p 00000000 00:00 0 
7d308a504000-7d308a600000 rw-p 00000000 00:00 0 
7d308a600000-7d308a604000 ---p 00000000 00:00 0 
7d308a604000-7d308a700000 rw-p 00000000 00:00 0 
7d308a700000-7d308a704000 ---p 00000000 00:00 0 
7d308a704000-7d308a800000 rw-p 00000000 00:00 0 
7d308a800000-7d308a804000 ---p 00000000 00:00 0 
7d308a804000-7d308a900000 rw-p 00000000 00:00 0 
7d308a900000-7d308a904000 ---p 00000000 00:00 0 
7d308a904000-7d308aa00000 rw-p 00000000 00:00 0 
7d308aa00000-7d308aa04000 ---p 00000000 00:00 0 
7d308aa04000-7d308ab00000 rw-p 00000000 00:00 0 
7d308ab00000-7d308ab04000 ---p 00000000 00:00 0 
7d308ab04000-7d308ac00000 rw-p 00000000 00:00 0 
7d308ac00000-7d308ac04000 ---p 00000000 00:00 0 
7d308ac04000-7d308ad00000 rw-p 00000000 00:00 0 
7d308ad00000-7d308ad04000 ---p 00000000 00:00 0 
7d308ad04000-7d308ae00000 rw-p 00000000 00:00 0 
7d308ae00000-7d308ae04000 ---p 00000000 00:00 0 
7d308ae04000-7d308af00000 rw-p 00000000 00:00 0 
7d308af00000-7d308af04000 ---p 00000000 00:00 0 
7d308af04000-7d308b000000 rw-p 00000000 00:00 0 
7d308b000000-7d308b3f0000 rw-p 00000000 00:00 0 
7d308b3f0000-7d308b430000 rw-p 00000000 00:00 0 
7d308b430000-7d308b470000 rw-p 00000000 00:00 0 
7d308b470000-7d308b4f0000 rw-p 00000000 00:00 0 
7d308b4f0000-7d308b6f0000 rw-p 00000000 00:00 0 
7d308b6f0000-7d308b7f0000 rw-p 00000000 00:00 0 
7d308b7f0000-7d308b9f0000 rw-p 00000000 00:00 0 
7d308b9f0000-7d308baf0000 rw-p 00000000 00:00 0 
7d308baf0000-7d308bbf0000 rw-p 00000000 00:00 0 
7d308bbf0000-7d308c9d0000 rw-p 00000000 00:00 0 
7d308c9d0000-7d308c9f0000 rw-p 00000000 00:00 0 
7d308c9f0000-7d308cbb0000 rw-p 00000000 00:00 0 
7d308cbb0000-7d308cbf0000 rw-p 00000000 00:00 0 
7d308cbf0000-7d308cef0000 rw-p 00000000 00:00 0 
7d308cef0000-7d308cff0000 rw-p 00000000 00:00 0 
7d308cff0000-7d308d4f0000 rw-p 00000000 00:00 0 
7d308d4f0000-7d308d5f0000 rw-p 00000000 00:00 0 
7d308d5f0000-7d308d6f0000 rw-p 00000000 00:00 0 
7d308d6f0000-7d308d770000 rw-p 00000000 00:00 0 
7d308d770000-7d308d800000 ---p 00000000 00:00 0 
7d308d800000-7d308db80000 rw-p 00000000 00:00 0 
7d308db80000-7d308f000000 ---p 00000000 00:00 0 
7d308f000000-7d308fc98000 rw-p 00001000 08:02 1597710                    /opt/dev/tools/sts-4.31.0.RELEASE/plugins/org.eclipse.justj.openjdk.hotspot.jre.full.linux.x86_64_21.0.7.v20250502-0916/jre/lib/server/classes.jsa
7d308fc98000-7d3090000000 ---p 00000000 00:00 0 
7d3090000000-7d3090010000 rw-p 00000000 00:00 0 
7d3090010000-7d3090030000 rw-p 00000000 00:00 0 
7d3090030000-7d30900b0000 rw-p 00000000 00:00 0 
7d30900b0000-7d30900d0000 rw-p 00000000 00:00 0 
7d30900d0000-7d30900f0000 rw-p 00000000 00:00 0 
7d30900f0000-7d3090170000 rw-p 00000000 00:00 0 
7d3090170000-7d30904f0000 rw-p 00000000 00:00 0 
7d30904f0000-7d3090670000 rw-p 00000000 00:00 0 
7d3090670000-7d3090680000 ---p 00000000 00:00 0 
7d3090680000-7d3090710000 rw-p 00000000 00:00 0 
7d3090710000-7d30d0000000 ---p 00000000 00:00 0 
7d30d0000000-7d30d003c000 rw-p 00000000 00:00 0 
7d30d003c000-7d30d4000000 ---p 00000000 00:00 0 
7d30d4000000-7d30d4021000 rw-p 00000000 00:00 0 
7d30d4021000-7d30d8000000 ---p 00000000 00:00 0 
7d30d8000000-7d30d8021000 rw-p 00000000 00:00 0 
7d30d8021000-7d30dc000000 ---p 00000000 00:00 0 
7d30dc0fd000-7d30dc101000 ---p 00000000 00:00 0 
7d30dc101000-7d30dc1fd000 rw-p 00000000 00:00 0 
7d30dc1fd000-7d30dc201000 ---p 00000000 00:00 0 
7d30dc201000-7d30dc2fd000 rw-p 00000000 00:00 0 
7d30dc2fd000-7d30dc301000 ---p 00000000 00:00 0 
7d30dc301000-7d30dc3fd000 rw-p 00000000 00:00 0 
7d30dc3fd000-7d30dc401000 ---p 00000000 00:00 0 
7d30dc401000-7d30dc4fd000 rw-p 00000000 00:00 0 
7d30dc4fd000-7d30dc501000 ---p 00000000 00:00 0 
7d30dc501000-7d30dc5fd000 rw-p 00000000 00:00 0 
7d30dc5fd000-7d30dc601000 ---p 00000000 00:00 0 
7d30dc601000-7d30dc6fd000 rw-p 00000000 00:00 0 
7d30dc6fd000-7d30dc701000 ---p 00000000 00:00 0 
7d30dc701000-7d30dc7fd000 rw-p 00000000 00:00 0 
7d30dc7fd000-7d30dc801000 ---p 00000000 00:00 0 
7d30dc801000-7d30dc8fd000 rw-p 00000000 00:00 0 
7d30dc8fd000-7d30dc901000 ---p 00000000 00:00 0 
7d30dc901000-7d30dc9fd000 rw-p 00000000 00:00 0 
7d30dc9fd000-7d30dca01000 ---p 00000000 00:00 0 
7d30dca01000-7d30dcafd000 rw-p 00000000 00:00 0 
7d30dcafd000-7d30dcb01000 ---p 00000000 00:00 0 
7d30dcb01000-7d30dcbfd000 rw-p 00000000 00:00 0 
7d30dcbfd000-7d30dcc01000 ---p 00000000 00:00 0 
7d30dcc01000-7d30dccfd000 rw-p 00000000 00:00 0 
7d30dccfd000-7d30dcd01000 ---p 00000000 00:00 0 
7d30dcd01000-7d30dcdfd000 rw-p 00000000 00:00 0 
7d30dcdfd000-7d30dce01000 ---p 00000000 00:00 0 
7d30dce01000-7d30dcefd000 rw-p 00000000 00:00 0 
7d30dcefd000-7d30dcf01000 ---p 00000000 00:00 0 
7d30dcf01000-7d30dcffd000 rw-p 00000000 00:00 0 
7d30dcffd000-7d30dd001000 ---p 00000000 00:00 0 
7d30dd001000-7d30dd0fd000 rw-p 00000000 00:00 0 
7d30dd0fd000-7d30dd101000 ---p 00000000 00:00 0 
7d30dd101000-7d30dd1fd000 rw-p 00000000 00:00 0 
7d30dd1fd000-7d30dd201000 ---p 00000000 00:00 0 
7d30dd201000-7d30dd2fd000 rw-p 00000000 00:00 0 
7d30dd2fd000-7d30dd301000 ---p 00000000 00:00 0 
7d30dd301000-7d30dd3fd000 rw-p 00000000 00:00 0 
7d30dd3fd000-7d30dd401000 ---p 00000000 00:00 0 
7d30dd401000-7d30dd4fd000 rw-p 00000000 00:00 0 
7d30dd4fd000-7d30dd501000 ---p 00000000 00:00 0 
7d30dd501000-7d30dd5fd000 rw-p 00000000 00:00 0 
7d30dd5fd000-7d30dd601000 ---p 00000000 00:00 0 
7d30dd601000-7d30dd6fd000 rw-p 00000000 00:00 0 
7d30dd6fd000-7d30dd701000 ---p 00000000 00:00 0 
7d30dd701000-7d30dd7fd000 rw-p 00000000 00:00 0 
7d30dd7fd000-7d30dd801000 ---p 00000000 00:00 0 
7d30dd801000-7d30dd8fd000 rw-p 00000000 00:00 0 
7d30dd8fd000-7d30dd901000 ---p 00000000 00:00 0 
7d30dd901000-7d30dd9fd000 rw-p 00000000 00:00 0 
7d30dd9fd000-7d30dda01000 ---p 00000000 00:00 0 
7d30dda01000-7d30ddafd000 rw-p 00000000 00:00 0 
7d30ddafd000-7d30ddb01000 ---p 00000000 00:00 0 
7d30ddb01000-7d30ddbfd000 rw-p 00000000 00:00 0 
7d30ddbfd000-7d30ddc01000 ---p 00000000 00:00 0 
7d30ddc01000-7d30ddcfd000 rw-p 00000000 00:00 0 
7d30ddcfd000-7d30ddcfe000 ---p 00000000 00:00 0 
7d30ddcfe000-7d30dddfe000 rw-p 00000000 00:00 0 
7d30dddfe000-7d30dddff000 ---p 00000000 00:00 0 
7d30dddff000-7d30ddeff000 rw-p 00000000 00:00 0 
7d30ddeff000-7d30ddf00000 ---p 00000000 00:00 0 
7d30ddf00000-7d30de000000 rw-p 00000000 00:00 0 
7d30de000000-7d30e0021000 rw-p 00000000 00:00 0 
7d30e0021000-7d30e4000000 ---p 00000000 00:00 0 
7d30e4000000-7d30e409d000 rw-p 00000000 00:00 0 
7d30e409d000-7d30e8000000 ---p 00000000 00:00 0 
7d30e8000000-7d30e81bb000 rw-p 00000000 00:00 0 
7d30e81bb000-7d30ec004000 ---p 00000000 00:00 0 
7d30ec004000-7d30ec100000 rw-p 00000000 00:00 0 
7d30ec100000-7d30ec104000 ---p 00000000 00:00 0 
7d30ec104000-7d30ec200000 rw-p 00000000 00:00 0 
7d30ec200000-7d30ec204000 ---p 00000000 00:00 0 
7d30ec204000-7d30ec300000 rw-p 00000000 00:00 0 
7d30ec300000-7d30ec304000 ---p 00000000 00:00 0 
7d30ec304000-7d30ec400000 rw-p 00000000 00:00 0 
7d30ec400000-7d30ec404000 ---p 00000000 00:00 0 
7d30ec404000-7d30ec500000 rw-p 00000000 00:00 0 
7d30ec500000-7d30ec504000 ---p 00000000 00:00 0 
7d30ec504000-7d30ec600000 rw-p 00000000 00:00 0 
7d30ec600000-7d30ec604000 ---p 00000000 00:00 0 
7d30ec604000-7d30ec700000 rw-p 00000000 00:00 0 
7d30ec700000-7d30ec704000 ---p 00000000 00:00 0 
7d30ec704000-7d30ec800000 rw-p 00000000 00:00 0 
7d30ec800000-7d30ec804000 ---p 00000000 00:00 0 
7d30ec804000-7d30ec900000 rw-p 00000000 00:00 0 
7d30ec900000-7d30ec904000 ---p 00000000 00:00 0 
7d30ec904000-7d30eca00000 rw-p 00000000 00:00 0 
7d30eca00000-7d30eca04000 ---p 00000000 00:00 0 
7d30eca04000-7d30ecb00000 rw-p 00000000 00:00 0 
7d30ecb00000-7d30ecb04000 ---p 00000000 00:00 0 
7d30ecb04000-7d30ecc00000 rw-p 00000000 00:00 0 
7d30ecc00000-7d30ed176000 r--p 00000000 08:02 28839752                   /usr/lib/locale/locale-archive
7d30ed194000-7d30ed22b000 rw-p 00000000 00:00 0 
7d30ed22b000-7d30ed22f000 ---p 00000000 00:00 0 
7d30ed22f000-7d30ed32b000 rw-p 00000000 00:00 0 
7d30ed32b000-7d30ed32c000 ---p 00000000 00:00 0 
7d30ed32c000-7d30ed42c000 rw-p 00000000 00:00 0 
7d30ed42c000-7d30ed42d000 ---p 00000000 00:00 0 
7d30ed42d000-7d30ed52d000 rw-p 00000000 00:00 0 
7d30ed52d000-7d30ed5ae000 rw-p 00000000 00:00 0 
7d30ed5ae000-7d30ed5af000 ---p 00000000 00:00 0 
7d30ed5af000-7d30ed6af000 rw-p 00000000 00:00 0 
7d30ed6af000-7d30ed6b0000 ---p 00000000 00:00 0 
7d30ed6b0000-7d30ed7b0000 rw-p 00000000 00:00 0 
7d30ed7b0000-7d30edbb4000 rw-p 00000000 00:00 0 
7d30edbb4000-7d30edbb5000 ---p 00000000 00:00 0 
7d30edbb5000-7d30edcb5000 rw-p 00000000 00:00 0 
7d30edcb5000-7d30edcb6000 ---p 00000000 00:00 0 
7d30edcb6000-7d30eddb6000 rw-p 00000000 00:00 0 
7d30eddb6000-7d30eddb7000 ---p 00000000 00:00 0 
7d30eddb7000-7d30edeb7000 rw-p 00000000 00:00 0 
7d30edeb7000-7d30edfb7000 rw-p 00000000 00:00 0 
7d30edfb7000-7d30efd57000 ---p 00000000 00:00 0 
7d30efd57000-7d30efd77000 rw-p 00000000 00:00 0 
7d30efd77000-7d30f012b000 ---p 00000000 00:00 0 
7d30f012b000-7d30f014b000 rw-p 00000000 00:00 0 
7d30f014b000-7d30f04ff000 ---p 00000000 00:00 0 
7d30f04ff000-7d30f0600000 rw-p 00000000 00:00 0 
7d30f0600000-7d30f3f92000 r--s 00000000 08:02 1597732                    /opt/dev/tools/sts-4.31.0.RELEASE/plugins/org.eclipse.justj.openjdk.hotspot.jre.full.linux.x86_64_21.0.7.v20250502-0916/jre/lib/modules
7d30f4000000-7d30f46fc000 rw-p 00000000 00:00 0 
7d30f46fc000-7d30f8000000 ---p 00000000 00:00 0 
7d30f800b000-7d30f8018000 r-xp 00000000 08:02 1597733                    /opt/dev/tools/sts-4.31.0.RELEASE/plugins/org.eclipse.justj.openjdk.hotspot.jre.full.linux.x86_64_21.0.7.v20250502-0916/jre/lib/libverify.so
7d30f8018000-7d30f801a000 r--p 0000c000 08:02 1597733                    /opt/dev/tools/sts-4.31.0.RELEASE/plugins/org.eclipse.justj.openjdk.hotspot.jre.full.linux.x86_64_21.0.7.v20250502-0916/jre/lib/libverify.so
7d30f801a000-7d30f801b000 rw-p 0000e000 08:02 1597733                    /opt/dev/tools/sts-4.31.0.RELEASE/plugins/org.eclipse.justj.openjdk.hotspot.jre.full.linux.x86_64_21.0.7.v20250502-0916/jre/lib/libverify.so
7d30f801b000-7d30f801d000 r-xp 00000000 08:02 1597720                    /opt/dev/tools/sts-4.31.0.RELEASE/plugins/org.eclipse.justj.openjdk.hotspot.jre.full.linux.x86_64_21.0.7.v20250502-0916/jre/lib/libextnet.so
7d30f801d000-7d30f801e000 r--p 00001000 08:02 1597720                    /opt/dev/tools/sts-4.31.0.RELEASE/plugins/org.eclipse.justj.openjdk.hotspot.jre.full.linux.x86_64_21.0.7.v20250502-0916/jre/lib/libextnet.so
7d30f801e000-7d30f801f000 rw-p 00002000 08:02 1597720                    /opt/dev/tools/sts-4.31.0.RELEASE/plugins/org.eclipse.justj.openjdk.hotspot.jre.full.linux.x86_64_21.0.7.v20250502-0916/jre/lib/libextnet.so
7d30f801f000-7d30f8400000 rw-p 00000000 00:00 0 
7d30f8400000-7d30f9370000 rwxp 00000000 00:00 0 
7d30f9370000-7d30fb400000 ---p 00000000 00:00 0 
7d30fb401000-7d30fb406000 r-xp 00000000 08:02 1597722                    /opt/dev/tools/sts-4.31.0.RELEASE/plugins/org.eclipse.justj.openjdk.hotspot.jre.full.linux.x86_64_21.0.7.v20250502-0916/jre/lib/libmanagement_ext.so
7d30fb406000-7d30fb407000 ---p 00005000 08:02 1597722                    /opt/dev/tools/sts-4.31.0.RELEASE/plugins/org.eclipse.justj.openjdk.hotspot.jre.full.linux.x86_64_21.0.7.v20250502-0916/jre/lib/libmanagement_ext.so
7d30fb407000-7d30fb408000 r--p 00005000 08:02 1597722                    /opt/dev/tools/sts-4.31.0.RELEASE/plugins/org.eclipse.justj.openjdk.hotspot.jre.full.linux.x86_64_21.0.7.v20250502-0916/jre/lib/libmanagement_ext.so
7d30fb408000-7d30fb409000 rw-p 00006000 08:02 1597722                    /opt/dev/tools/sts-4.31.0.RELEASE/plugins/org.eclipse.justj.openjdk.hotspot.jre.full.linux.x86_64_21.0.7.v20250502-0916/jre/lib/libmanagement_ext.so
7d30fb409000-7d30fb415000 r-xp 00000000 08:02 1597727                    /opt/dev/tools/sts-4.31.0.RELEASE/plugins/org.eclipse.justj.openjdk.hotspot.jre.full.linux.x86_64_21.0.7.v20250502-0916/jre/lib/libnet.so
7d30fb415000-7d30fb416000 r--p 0000b000 08:02 1597727                    /opt/dev/tools/sts-4.31.0.RELEASE/plugins/org.eclipse.justj.openjdk.hotspot.jre.full.linux.x86_64_21.0.7.v20250502-0916/jre/lib/libnet.so
7d30fb416000-7d30fb417000 rw-p 0000c000 08:02 1597727                    /opt/dev/tools/sts-4.31.0.RELEASE/plugins/org.eclipse.justj.openjdk.hotspot.jre.full.linux.x86_64_21.0.7.v20250502-0916/jre/lib/libnet.so
7d30fb417000-7d30fb41b000 ---p 00000000 00:00 0 
7d30fb41b000-7d30fb517000 rw-p 00000000 00:00 0 
7d30fb517000-7d30fb527000 r--p 00000000 08:02 28849174                   /usr/lib/x86_64-linux-gnu/libm.so.6
7d30fb527000-7d30fb5a6000 r-xp 00010000 08:02 28849174                   /usr/lib/x86_64-linux-gnu/libm.so.6
7d30fb5a6000-7d30fb5fe000 r--p 0008f000 08:02 28849174                   /usr/lib/x86_64-linux-gnu/libm.so.6
7d30fb5fe000-7d30fb5ff000 r--p 000e7000 08:02 28849174                   /usr/lib/x86_64-linux-gnu/libm.so.6
7d30fb5ff000-7d30fb600000 rw-p 000e8000 08:02 28849174                   /usr/lib/x86_64-linux-gnu/libm.so.6
7d30fb600000-7d30fca0f000 r-xp 00000000 08:02 1597711                    /opt/dev/tools/sts-4.31.0.RELEASE/plugins/org.eclipse.justj.openjdk.hotspot.jre.full.linux.x86_64_21.0.7.v20250502-0916/jre/lib/server/libjvm.so
7d30fca0f000-7d30fca10000 ---p 0140f000 08:02 1597711                    /opt/dev/tools/sts-4.31.0.RELEASE/plugins/org.eclipse.justj.openjdk.hotspot.jre.full.linux.x86_64_21.0.7.v20250502-0916/jre/lib/server/libjvm.so
7d30fca10000-7d30fcae4000 r--p 0140f000 08:02 1597711                    /opt/dev/tools/sts-4.31.0.RELEASE/plugins/org.eclipse.justj.openjdk.hotspot.jre.full.linux.x86_64_21.0.7.v20250502-0916/jre/lib/server/libjvm.so
7d30fcae4000-7d30fcb14000 rw-p 014e3000 08:02 1597711                    /opt/dev/tools/sts-4.31.0.RELEASE/plugins/org.eclipse.justj.openjdk.hotspot.jre.full.linux.x86_64_21.0.7.v20250502-0916/jre/lib/server/libjvm.so
7d30fcb14000-7d30fcb7a000 rw-p 00000000 00:00 0 
7d30fcb7c000-7d30fcb90000 r-xp 00000000 08:02 1597752                    /opt/dev/tools/sts-4.31.0.RELEASE/plugins/org.eclipse.justj.openjdk.hotspot.jre.full.linux.x86_64_21.0.7.v20250502-0916/jre/lib/libnio.so
7d30fcb90000-7d30fcb91000 r--p 00013000 08:02 1597752                    /opt/dev/tools/sts-4.31.0.RELEASE/plugins/org.eclipse.justj.openjdk.hotspot.jre.full.linux.x86_64_21.0.7.v20250502-0916/jre/lib/libnio.so
7d30fcb91000-7d30fcb92000 rw-p 00014000 08:02 1597752                    /opt/dev/tools/sts-4.31.0.RELEASE/plugins/org.eclipse.justj.openjdk.hotspot.jre.full.linux.x86_64_21.0.7.v20250502-0916/jre/lib/libnio.so
7d30fcb92000-7d30fcb97000 r-xp 00000000 08:02 1597756                    /opt/dev/tools/sts-4.31.0.RELEASE/plugins/org.eclipse.justj.openjdk.hotspot.jre.full.linux.x86_64_21.0.7.v20250502-0916/jre/lib/libdt_socket.so
7d30fcb97000-7d30fcb98000 r--p 00004000 08:02 1597756                    /opt/dev/tools/sts-4.31.0.RELEASE/plugins/org.eclipse.justj.openjdk.hotspot.jre.full.linux.x86_64_21.0.7.v20250502-0916/jre/lib/libdt_socket.so
7d30fcb98000-7d30fcb99000 rw-p 00005000 08:02 1597756                    /opt/dev/tools/sts-4.31.0.RELEASE/plugins/org.eclipse.justj.openjdk.hotspot.jre.full.linux.x86_64_21.0.7.v20250502-0916/jre/lib/libdt_socket.so
7d30fcb99000-7d30fcba0000 r--s 00000000 08:02 28849161                   /usr/lib/x86_64-linux-gnu/gconv/gconv-modules.cache
7d30fcba0000-7d30fcbbf000 rw-p 00000000 00:00 0 
7d30fcbbf000-7d30fcc00000 ---p 00000000 00:00 0 
7d30fcc00000-7d30fcc28000 r--p 00000000 08:02 28849171                   /usr/lib/x86_64-linux-gnu/libc.so.6
7d30fcc28000-7d30fcdb0000 r-xp 00028000 08:02 28849171                   /usr/lib/x86_64-linux-gnu/libc.so.6
7d30fcdb0000-7d30fcdff000 r--p 001b0000 08:02 28849171                   /usr/lib/x86_64-linux-gnu/libc.so.6
7d30fcdff000-7d30fce03000 r--p 001fe000 08:02 28849171                   /usr/lib/x86_64-linux-gnu/libc.so.6
7d30fce03000-7d30fce05000 rw-p 00202000 08:02 28849171                   /usr/lib/x86_64-linux-gnu/libc.so.6
7d30fce05000-7d30fce12000 rw-p 00000000 00:00 0 
7d30fce12000-7d30fce16000 r-xp 00000000 08:02 1597757                    /opt/dev/tools/sts-4.31.0.RELEASE/plugins/org.eclipse.justj.openjdk.hotspot.jre.full.linux.x86_64_21.0.7.v20250502-0916/jre/lib/libmanagement.so
7d30fce16000-7d30fce17000 r--p 00003000 08:02 1597757                    /opt/dev/tools/sts-4.31.0.RELEASE/plugins/org.eclipse.justj.openjdk.hotspot.jre.full.linux.x86_64_21.0.7.v20250502-0916/jre/lib/libmanagement.so
7d30fce17000-7d30fce18000 rw-p 00004000 08:02 1597757                    /opt/dev/tools/sts-4.31.0.RELEASE/plugins/org.eclipse.justj.openjdk.hotspot.jre.full.linux.x86_64_21.0.7.v20250502-0916/jre/lib/libmanagement.so
7d30fce18000-7d30fce33000 r-xp 00000000 08:02 1597731                    /opt/dev/tools/sts-4.31.0.RELEASE/plugins/org.eclipse.justj.openjdk.hotspot.jre.full.linux.x86_64_21.0.7.v20250502-0916/jre/lib/libzip.so
7d30fce33000-7d30fce34000 r--p 0001a000 08:02 1597731                    /opt/dev/tools/sts-4.31.0.RELEASE/plugins/org.eclipse.justj.openjdk.hotspot.jre.full.linux.x86_64_21.0.7.v20250502-0916/jre/lib/libzip.so
7d30fce34000-7d30fce35000 rw-p 0001b000 08:02 1597731                    /opt/dev/tools/sts-4.31.0.RELEASE/plugins/org.eclipse.justj.openjdk.hotspot.jre.full.linux.x86_64_21.0.7.v20250502-0916/jre/lib/libzip.so
7d30fce35000-7d30fce3d000 rw-s 00000000 08:02 11796853                   /tmp/hsperfdata_rmds/33579
7d30fce3d000-7d30fce5d000 r-xp 00000000 08:02 1597750                    /opt/dev/tools/sts-4.31.0.RELEASE/plugins/org.eclipse.justj.openjdk.hotspot.jre.full.linux.x86_64_21.0.7.v20250502-0916/jre/lib/libjava.so
7d30fce5d000-7d30fce5e000 ---p 00020000 08:02 1597750                    /opt/dev/tools/sts-4.31.0.RELEASE/plugins/org.eclipse.justj.openjdk.hotspot.jre.full.linux.x86_64_21.0.7.v20250502-0916/jre/lib/libjava.so
7d30fce5e000-7d30fce5f000 r--p 00020000 08:02 1597750                    /opt/dev/tools/sts-4.31.0.RELEASE/plugins/org.eclipse.justj.openjdk.hotspot.jre.full.linux.x86_64_21.0.7.v20250502-0916/jre/lib/libjava.so
7d30fce5f000-7d30fce60000 rw-p 00021000 08:02 1597750                    /opt/dev/tools/sts-4.31.0.RELEASE/plugins/org.eclipse.justj.openjdk.hotspot.jre.full.linux.x86_64_21.0.7.v20250502-0916/jre/lib/libjava.so
7d30fce60000-7d30fce61000 rw-p 00000000 00:00 0 
7d30fce61000-7d30fcea1000 r-xp 00000000 08:02 1597736                    /opt/dev/tools/sts-4.31.0.RELEASE/plugins/org.eclipse.justj.openjdk.hotspot.jre.full.linux.x86_64_21.0.7.v20250502-0916/jre/lib/libjdwp.so
7d30fcea1000-7d30fcea2000 r--p 0003f000 08:02 1597736                    /opt/dev/tools/sts-4.31.0.RELEASE/plugins/org.eclipse.justj.openjdk.hotspot.jre.full.linux.x86_64_21.0.7.v20250502-0916/jre/lib/libjdwp.so
7d30fcea2000-7d30fcea3000 rw-p 00040000 08:02 1597736                    /opt/dev/tools/sts-4.31.0.RELEASE/plugins/org.eclipse.justj.openjdk.hotspot.jre.full.linux.x86_64_21.0.7.v20250502-0916/jre/lib/libjdwp.so
7d30fcea3000-7d30fcea4000 rw-p 00000000 00:00 0 
7d30fcea4000-7d30fcebf000 r-xp 00000000 08:02 1597738                    /opt/dev/tools/sts-4.31.0.RELEASE/plugins/org.eclipse.justj.openjdk.hotspot.jre.full.linux.x86_64_21.0.7.v20250502-0916/jre/lib/libjimage.so
7d30fcebf000-7d30fcec0000 ---p 0001b000 08:02 1597738                    /opt/dev/tools/sts-4.31.0.RELEASE/plugins/org.eclipse.justj.openjdk.hotspot.jre.full.linux.x86_64_21.0.7.v20250502-0916/jre/lib/libjimage.so
7d30fcec0000-7d30fcec2000 r--p 0001b000 08:02 1597738                    /opt/dev/tools/sts-4.31.0.RELEASE/plugins/org.eclipse.justj.openjdk.hotspot.jre.full.linux.x86_64_21.0.7.v20250502-0916/jre/lib/libjimage.so
7d30fcec2000-7d30fcec3000 rw-p 0001d000 08:02 1597738                    /opt/dev/tools/sts-4.31.0.RELEASE/plugins/org.eclipse.justj.openjdk.hotspot.jre.full.linux.x86_64_21.0.7.v20250502-0916/jre/lib/libjimage.so
7d30fcec3000-7d30fcec4000 r--p 00000000 08:02 28849185                   /usr/lib/x86_64-linux-gnu/librt.so.1
7d30fcec4000-7d30fcec5000 r-xp 00001000 08:02 28849185                   /usr/lib/x86_64-linux-gnu/librt.so.1
7d30fcec5000-7d30fcec6000 r--p 00002000 08:02 28849185                   /usr/lib/x86_64-linux-gnu/librt.so.1
7d30fcec6000-7d30fcec7000 r--p 00002000 08:02 28849185                   /usr/lib/x86_64-linux-gnu/librt.so.1
7d30fcec7000-7d30fcec8000 rw-p 00003000 08:02 28849185                   /usr/lib/x86_64-linux-gnu/librt.so.1
7d30fcec8000-7d30fceca000 rw-p 00000000 00:00 0 
7d30fceca000-7d30fcecb000 r--p 00000000 08:02 28849173                   /usr/lib/x86_64-linux-gnu/libdl.so.2
7d30fcecb000-7d30fcecc000 r-xp 00001000 08:02 28849173                   /usr/lib/x86_64-linux-gnu/libdl.so.2
7d30fcecc000-7d30fcecd000 r--p 00002000 08:02 28849173                   /usr/lib/x86_64-linux-gnu/libdl.so.2
7d30fcecd000-7d30fcece000 r--p 00002000 08:02 28849173                   /usr/lib/x86_64-linux-gnu/libdl.so.2
7d30fcece000-7d30fcecf000 rw-p 00003000 08:02 28849173                   /usr/lib/x86_64-linux-gnu/libdl.so.2
7d30fcecf000-7d30fced0000 r--p 00000000 08:02 28849183                   /usr/lib/x86_64-linux-gnu/libpthread.so.0
7d30fced0000-7d30fced1000 r-xp 00001000 08:02 28849183                   /usr/lib/x86_64-linux-gnu/libpthread.so.0
7d30fced1000-7d30fced2000 r--p 00002000 08:02 28849183                   /usr/lib/x86_64-linux-gnu/libpthread.so.0
7d30fced2000-7d30fced3000 r--p 00002000 08:02 28849183                   /usr/lib/x86_64-linux-gnu/libpthread.so.0
7d30fced3000-7d30fced4000 rw-p 00003000 08:02 28849183                   /usr/lib/x86_64-linux-gnu/libpthread.so.0
7d30fced7000-7d30fcee1000 r-xp 00000000 08:02 1597713                    /opt/dev/tools/sts-4.31.0.RELEASE/plugins/org.eclipse.justj.openjdk.hotspot.jre.full.linux.x86_64_21.0.7.v20250502-0916/jre/lib/libinstrument.so
7d30fcee1000-7d30fcee2000 ---p 0000a000 08:02 1597713                    /opt/dev/tools/sts-4.31.0.RELEASE/plugins/org.eclipse.justj.openjdk.hotspot.jre.full.linux.x86_64_21.0.7.v20250502-0916/jre/lib/libinstrument.so
7d30fcee2000-7d30fcee3000 r--p 0000a000 08:02 1597713                    /opt/dev/tools/sts-4.31.0.RELEASE/plugins/org.eclipse.justj.openjdk.hotspot.jre.full.linux.x86_64_21.0.7.v20250502-0916/jre/lib/libinstrument.so
7d30fcee3000-7d30fcee4000 rw-p 0000b000 08:02 1597713                    /opt/dev/tools/sts-4.31.0.RELEASE/plugins/org.eclipse.justj.openjdk.hotspot.jre.full.linux.x86_64_21.0.7.v20250502-0916/jre/lib/libinstrument.so
7d30fcee4000-7d30fcee5000 ---p 00000000 00:00 0 
7d30fcee5000-7d30fcee6000 r--p 00000000 00:00 0 
7d30fcee6000-7d30fcee7000 ---p 00000000 00:00 0 
7d30fcee7000-7d30fcf00000 r-xp 00000000 08:02 1597755                    /opt/dev/tools/sts-4.31.0.RELEASE/plugins/org.eclipse.justj.openjdk.hotspot.jre.full.linux.x86_64_21.0.7.v20250502-0916/jre/lib/libjli.so
7d30fcf00000-7d30fcf01000 r--p 00018000 08:02 1597755                    /opt/dev/tools/sts-4.31.0.RELEASE/plugins/org.eclipse.justj.openjdk.hotspot.jre.full.linux.x86_64_21.0.7.v20250502-0916/jre/lib/libjli.so
7d30fcf01000-7d30fcf02000 rw-p 00019000 08:02 1597755                    /opt/dev/tools/sts-4.31.0.RELEASE/plugins/org.eclipse.justj.openjdk.hotspot.jre.full.linux.x86_64_21.0.7.v20250502-0916/jre/lib/libjli.so
7d30fcf02000-7d30fcf04000 rw-p 00000000 00:00 0 
7d30fcf04000-7d30fcf05000 r--p 00000000 08:02 28849168                   /usr/lib/x86_64-linux-gnu/ld-linux-x86-64.so.2
7d30fcf05000-7d30fcf30000 r-xp 00001000 08:02 28849168                   /usr/lib/x86_64-linux-gnu/ld-linux-x86-64.so.2
7d30fcf30000-7d30fcf3a000 r--p 0002c000 08:02 28849168                   /usr/lib/x86_64-linux-gnu/ld-linux-x86-64.so.2
7d30fcf3a000-7d30fcf3c000 r--p 00036000 08:02 28849168                   /usr/lib/x86_64-linux-gnu/ld-linux-x86-64.so.2
7d30fcf3c000-7d30fcf3e000 rw-p 00038000 08:02 28849168                   /usr/lib/x86_64-linux-gnu/ld-linux-x86-64.so.2
7ffdd3162000-7ffdd3184000 rw-p 00000000 00:00 0                          [stack]
7ffdd31aa000-7ffdd31ae000 r--p 00000000 00:00 0                          [vvar]
7ffdd31ae000-7ffdd31b0000 r-xp 00000000 00:00 0                          [vdso]
ffffffffff600000-ffffffffff601000 --xp 00000000 00:00 0                  [vsyscall]
Total number of mappings: 348


VM Arguments:
jvm_args: -XX:+ShowCodeDetailsInExceptionMessages -agentlib:jdwp=transport=dt_socket,suspend=y,address=localhost:41409 -Dcom.sun.management.jmxremote -Dcom.sun.management.jmxremote.port=43403 -Dcom.sun.management.jmxremote.authenticate=false -Dcom.sun.management.jmxremote.ssl=false -Djava.rmi.server.hostname=localhost -Dspring.jmx.enabled=true -Dmanagement.endpoints.jmx.exposure.include=* -Dspring.application.admin.enabled=true -Djava.security.egd=file:/dev/./urandom -Dspring.output.ansi.enabled=always -XX:TieredStopAtLevel=1 -Dspring.boot.project.name=ordens -javaagent:/opt/dev/tools/sts-4.31.0.RELEASE/configuration/org.eclipse.osgi/270/0/.cp/lib/javaagent-shaded.jar -Dfile.encoding=UTF-8 -Dstdout.encoding=UTF-8 -Dstderr.encoding=UTF-8 
java_command: com.btgpactual.ordens.OrdensApplication
java_class_path (initial): /opt/projetos/JAVA/app-btgpactual/app-btgpactual/target/classes:/home/rmds/.m2/repository/org/modelmapper/modelmapper/2.3.0/modelmapper-2.3.0.jar:/home/rmds/.m2/repository/org/springframework/boot/spring-boot-starter-amqp/3.5.3/spring-boot-starter-amqp-3.5.3.jar:/home/rmds/.m2/repository/org/springframework/boot/spring-boot-starter/3.5.3/spring-boot-starter-3.5.3.jar:/home/rmds/.m2/repository/org/springframework/boot/spring-boot-starter-logging/3.5.3/spring-boot-starter-logging-3.5.3.jar:/home/rmds/.m2/repository/ch/qos/logback/logback-classic/1.5.18/logback-classic-1.5.18.jar:/home/rmds/.m2/repository/ch/qos/logback/logback-core/1.5.18/logback-core-1.5.18.jar:/home/rmds/.m2/repository/org/apache/logging/log4j/log4j-to-slf4j/2.24.3/log4j-to-slf4j-2.24.3.jar:/home/rmds/.m2/repository/org/apache/logging/log4j/log4j-api/2.24.3/log4j-api-2.24.3.jar:/home/rmds/.m2/repository/org/slf4j/jul-to-slf4j/2.0.17/jul-to-slf4j-2.0.17.jar:/home/rmds/.m2/repository/jakarta/annotation/jakarta.annotation-api/2.1.1/jakarta.annotation-api-2.1.1.jar:/home/rmds/.m2/repository/org/yaml/snakeyaml/2.4/snakeyaml-2.4.jar:/home/rmds/.m2/repository/org/springframework/spring-messaging/6.2.8/spring-messaging-6.2.8.jar:/home/rmds/.m2/repository/org/springframework/spring-beans/6.2.8/spring-beans-6.2.8.jar:/home/rmds/.m2/repository/org/springframework/amqp/spring-rabbit/3.2.5/spring-rabbit-3.2.5.jar:/home/rmds/.m2/repository/org/springframework/amqp/spring-amqp/3.2.5/spring-amqp-3.2.5.jar:/home/rmds/.m2/repository/org/springframework/retry/spring-retry/2.0.12/spring-retry-2.0.12.jar:/home/rmds/.m2/repository/com/rabbitmq/amqp-client/5.25.0/amqp-client-5.25.0.jar:/home/rmds/.m2/repository/org/springframework/spring-context/6.2.8/spring-context-6.2.8.jar:/home/rmds/.m2/repository/org/springframework/spring-tx/6.2.8/spring-tx-6.2.8.jar:/home/rmds/.m2/repository/io/micrometer/micrometer-observation/1.15.1/micrometer-observation-1.15.1.jar:/home/rmds/.m2/repository/io/micrometer/micrometer-commons/1.15.1/micrometer-commons-1.15.1.jar:/home/rmds/.m2/repository/org/springframework/boot/spring-boot-starter-data-mongodb/3.5.3/spring-boot-starter-data-mongodb-3.5.3.jar:/home/rmds/.m2/repository/org/mongodb/mongodb-driver-sync/5.5.1/mongodb-driver-sync-5.5.1.jar:/home/rmds/.m2/repository/org/mongodb/bson/5.5.1/bson-5.5.1.jar:/home/rmds/.m2/repository/org/mongodb/mongodb-driver-core/5.5.1/mongodb-driver-core-5.5.1.jar:/home/rmds/.m2/repository/org/mongodb/bson-record-codec/5.5.1/bson-record-codec-5.5.1.jar:/home/rmds/.m2/repository/org/springframework/data/spring-data-mongodb/4.5.1/spring-data-mongodb-4.5.1.jar:/home/rmds/.m2/repository/org/springframework/spring-expression/6.2.8/spring-expression-6.2.8.jar:/home/rmds/.m2/repository/org/springframework/data/spring-data-commons/3.5.1/spring-data-commons-3.5.1.jar:/home/rmds/.m2/repository/org/slf4j/slf4j-api/2.0.17/slf4j-api-2.0.17.jar:/home/rmds/.m2/repository/org/springframework/boot/spring-boot-starter-web/3.5.3/spring-boot-starter-web-3.5.3.jar:/home/rmds/.m2/repository/org/springframework/boot/spring-boot-starter-json/3.5.3/spring-boot-starter-json-3.5.3.jar:/home/rmds/.m2/repository/com/fasterxml/jackson/core/jackson-databind/2.19.1/jackson-databind-2.19.1.jar:/home/rmds/.m2/repository/com/fasterxml/jackson/core/jackson-annotations/2.19.1/jackson-annotations-2.19.1.jar:/home/rmds/.m2/repository/com/fasterxml/jackson/core/jackson-core/2.19.1/jackson-core-2.19.1.jar:/home/rmds/.m2/repository/com/fasterxml/jackson/datatype/jackson-datatype-jdk8/2.19.1/jackson-datatype-jdk8-2.19.1.jar:/home/rmds/.m2/repository/com/fasterxml/jackson/datatype/jackson-datatype-jsr310/2.19.1/jackson-datatype-jsr310-2.19.1.jar:/home/rmds/.m2/repository/com/fasterxml/jackson/module/jackson-module-parameter-names/2.19.1/jackson-module-parameter-names-2.19.1.jar:/home/rmds/.m2/repository/org/springframework/boot/spring-boot-starter-tomcat/3.5.3/spring-boot-starter-tomcat-3.5.3.jar:/home/rmds/.m2/repository/org/apache/tomcat/embed/tomcat-embed-core/10.1.42/tomcat-embed-core-10.1.42.jar:/home/rmds/.m2/repository/org/apache/tomcat/embed/tomcat-embed-el/10.1.42/tomcat-embed-el-10.1.42.jar:/home/rmds/.m2/repository/org/apache/tomcat/embed/tomcat-embed-websocket/10.1.42/tomcat-embed-websocket-10.1.42.jar:/home/rmds/.m2/repository/org/springframework/spring-web/6.2.8/spring-web-6.2.8.jar:/home/rmds/.m2/repository/org/springframework/spring-webmvc/6.2.8/spring-webmvc-6.2.8.jar:/home/rmds/.m2/repository/org/springframework/spring-aop/6.2.8/spring-aop-6.2.8.jar:/home/rmds/.m2/repository/org/springframework/boot/spring-boot-devtools/3.5.3/spring-boot-devtools-3.5.3.jar:/home/rmds/.m2/repository/org/springframework/boot/spring-boot/3.5.3/spring-boot-3.5.3.jar:/home/rmds/.m2/repository/org/springframework/boot/spring-boot-autoconfigure/3.5.3/spring-boot-autoconfigure-3.5.3.jar:/home/rmds/.m2/repository/org/projectlombok/lombok/1.18.38/lombok-1.18.38.jar:/home/rmds/.m2/repository/org/springframework/spring-core/6.2.8/spring-core-6.2.8.jar:/home/rmds/.m2/repository/org/springframework/spring-jcl/6.2.8/spring-jcl-6.2.8.jar
Launcher Type: SUN_STANDARD

[Global flags]
     intx CICompilerCount                          = 3                                         {product} {ergonomic}
     uint ConcGCThreads                            = 1                                         {product} {ergonomic}
     uint G1ConcRefinementThreads                  = 4                                         {product} {ergonomic}
   size_t G1HeapRegionSize                         = 1048576                                   {product} {ergonomic}
    uintx GCDrainStackTargetSize                   = 64                                        {product} {ergonomic}
   size_t InitialHeapSize                          = 130023424                                 {product} {ergonomic}
     bool ManagementServer                         = true                                      {product} {command line}
   size_t MarkStackSize                            = 4194304                                   {product} {ergonomic}
   size_t MaxHeapSize                              = 2055208960                                {product} {ergonomic}
   size_t MaxNewSize                               = 1233125376                                {product} {ergonomic}
   size_t MinHeapDeltaBytes                        = 1048576                                   {product} {ergonomic}
   size_t MinHeapSize                              = 8388608                                   {product} {ergonomic}
    uintx NonNMethodCodeHeapSize                   = 4096                                   {pd product} {ergonomic}
    uintx NonProfiledCodeHeapSize                  = 0                                      {pd product} {ergonomic}
     bool ProfileInterpreter                       = false                                  {pd product} {command line}
    uintx ProfiledCodeHeapSize                     = 0                                      {pd product} {ergonomic}
     bool ShowCodeDetailsInExceptionMessages       = true                                   {manageable} {command line}
   size_t SoftMaxHeapSize                          = 2055208960                             {manageable} {ergonomic}
     intx TieredStopAtLevel                        = 1                                         {product} {command line}
     bool UseCompressedOops                        = true                           {product lp64_product} {ergonomic}
     bool UseG1GC                                  = true                                      {product} {ergonomic}

Logging:
Log output configuration:
 #0: stdout all=warning uptime,level,tags foldmultilines=false
 #1: stderr all=off uptime,level,tags foldmultilines=false

Environment Variables:
PATH=/home/rmds/.local/bin:/usr/local/sbin:/usr/local/bin:/usr/sbin:/usr/bin:/sbin:/bin:/usr/games:/usr/local/games:/snap/bin
SHELL=/bin/bash
DISPLAY=:0
LANG=en_US.UTF-8
LC_NUMERIC=pt_BR.UTF-8

Active Locale:
LC_ALL=LC_CTYPE=en_US.UTF-8;LC_NUMERIC=pt_BR.UTF-8;LC_TIME=en_US.UTF-8;LC_COLLATE=en_US.UTF-8;LC_MONETARY=pt_BR.UTF-8;LC_MESSAGES=en_US.UTF-8;LC_PAPER=pt_BR.UTF-8;LC_NAME=pt_BR.UTF-8;LC_ADDRESS=pt_BR.UTF-8;LC_TELEPHONE=pt_BR.UTF-8;LC_MEASUREMENT=pt_BR.UTF-8;LC_IDENTIFICATION=pt_BR.UTF-8
LC_COLLATE=en_US.UTF-8
LC_CTYPE=en_US.UTF-8
LC_MESSAGES=en_US.UTF-8
LC_MONETARY=pt_BR.UTF-8
LC_NUMERIC=pt_BR.UTF-8
LC_TIME=en_US.UTF-8

Signal Handlers:
   SIGSEGV: crash_handler in libjvm.so, mask=11100100010111111101111111111110, flags=SA_RESTART|SA_SIGINFO, unblocked
    SIGBUS: crash_handler in libjvm.so, mask=11100100010111111101111111111110, flags=SA_RESTART|SA_SIGINFO, unblocked
    SIGFPE: crash_handler in libjvm.so, mask=11100100010111111101111111111110, flags=SA_RESTART|SA_SIGINFO, unblocked
   SIGPIPE: javaSignalHandler in libjvm.so, mask=11100100010111111101111111111110, flags=SA_RESTART|SA_SIGINFO, blocked
   SIGXFSZ: javaSignalHandler in libjvm.so, mask=11100100010111111101111111111110, flags=SA_RESTART|SA_SIGINFO, blocked
    SIGILL: crash_handler in libjvm.so, mask=11100100010111111101111111111110, flags=SA_RESTART|SA_SIGINFO, unblocked
   SIGUSR2: SR_handler in libjvm.so, mask=00000000000000000000000000000000, flags=SA_RESTART|SA_SIGINFO, blocked
    SIGHUP: UserHandler in libjvm.so, mask=11100100010111111101111111111110, flags=SA_RESTART|SA_SIGINFO, blocked
    SIGINT: UserHandler in libjvm.so, mask=11100100010111111101111111111110, flags=SA_RESTART|SA_SIGINFO, blocked
   SIGTERM: UserHandler in libjvm.so, mask=11100100010111111101111111111110, flags=SA_RESTART|SA_SIGINFO, blocked
   SIGQUIT: UserHandler in libjvm.so, mask=11100100010111111101111111111110, flags=SA_RESTART|SA_SIGINFO, blocked
   SIGTRAP: crash_handler in libjvm.so, mask=11100100010111111101111111111110, flags=SA_RESTART|SA_SIGINFO, unblocked


Periodic native trim disabled

---------------  S Y S T E M  ---------------

OS:
DISTRIB_ID=LinuxMint
DISTRIB_RELEASE=22
DISTRIB_CODENAME=wilma
DISTRIB_DESCRIPTION="Linux Mint 22 Wilma"
uname: Linux 6.8.0-60-generic #63-Ubuntu SMP PREEMPT_DYNAMIC Tue Apr 15 19:04:15 UTC 2025 x86_64
OS uptime: 0 days 2:18 hours
libc: glibc 2.39 NPTL 2.39 
rlimit (soft/hard): STACK 8192k/infinity , CORE 0k/infinity , NPROC 31019/31019 , NOFILE 1048576/1048576 , AS infinity/infinity , CPU infinity/infinity , DATA infinity/infinity , FSIZE infinity/infinity , MEMLOCK 1003336k/1003336k
load average: 1,16 1,45 1,79

/proc/meminfo:
MemTotal:        8026688 kB
MemFree:          481684 kB
MemAvailable:    1718680 kB
Buffers:           48596 kB
Cached:          2003352 kB
SwapCached:        32760 kB
Active:          3939144 kB
Inactive:        2836896 kB
Active(anon):    3489048 kB
Inactive(anon):  1909272 kB
Active(file):     450096 kB
Inactive(file):   927624 kB
Unevictable:      178884 kB
Mlocked:             320 kB
SwapTotal:       2097148 kB
SwapFree:         894716 kB
Zswap:                 0 kB
Zswapped:              0 kB
Dirty:               264 kB
Writeback:             0 kB
AnonPages:       4875244 kB
Mapped:           834128 kB
Shmem:            674212 kB
KReclaimable:     172376 kB
Slab:             336504 kB
SReclaimable:     172376 kB
SUnreclaim:       164128 kB
KernelStack:       28244 kB
PageTables:        72580 kB
SecPageTables:         0 kB
NFS_Unstable:          0 kB
Bounce:                0 kB
WritebackTmp:          0 kB
CommitLimit:     6110492 kB
Committed_AS:   20517880 kB
VmallocTotal:   34359738367 kB
VmallocUsed:       79616 kB
VmallocChunk:          0 kB
Percpu:             6304 kB
HardwareCorrupted:     0 kB
AnonHugePages:         0 kB
ShmemHugePages:        0 kB
ShmemPmdMapped:        0 kB
FileHugePages:         0 kB
FilePmdMapped:         0 kB
Unaccepted:            0 kB
HugePages_Total:       0
HugePages_Free:        0
HugePages_Rsvd:        0
HugePages_Surp:        0
Hugepagesize:       2048 kB
Hugetlb:               0 kB
DirectMap4k:      195552 kB
DirectMap2M:     4943872 kB
DirectMap1G:     4194304 kB

/sys/kernel/mm/transparent_hugepage/enabled: always [madvise] never
/sys/kernel/mm/transparent_hugepage/hpage_pmd_size: 2097152
/sys/kernel/mm/transparent_hugepage/defrag (defrag/compaction efforts parameter): always defer defer+madvise [madvise] never

Process Memory:
Virtual Size: 5465072K (peak: 5489152K)
Resident Set Size: 237220K (peak: 237220K) (anon: 200564K, file: 36656K, shmem: 0K)
Swapped out: 0K
C-Heap outstanding allocations: 58008K, retained: 15855K
glibc malloc tunables: (default)

/proc/sys/kernel/threads-max (system-wide limit on the number of threads): 62039
/proc/sys/vm/max_map_count (maximum number of memory map areas a process may have): 1048576
/proc/sys/vm/swappiness (control to define how aggressively the kernel swaps out anonymous memory): 60
/proc/sys/kernel/pid_max (system-wide limit on number of process identifiers): 4194304

container (cgroup) information:
container_type: cgroupv2
cpu_cpuset_cpus: not supported
cpu_memory_nodes: not supported
active_processor_count: 4
cpu_quota: no quota
cpu_period: 100000
cpu_shares: no shares
memory_limit_in_bytes: unlimited
memory_and_swap_limit_in_bytes: unlimited
memory_soft_limit_in_bytes: unlimited
memory_usage_in_bytes: 6435612 k
memory_max_usage_in_bytes: not supported
memory_swap_current_in_bytes: 785536 k
memory_swap_max_limit_in_bytes: unlimited
maximum number of tasks: unlimited
current number of tasks: 1019

Steal ticks since vm start: 0
Steal ticks percentage since vm start:  0,000

CPU: total 8 (initial active 4) (2 cores per cpu, 2 threads per core) family 6 model 69 stepping 1 microcode 0x26, cx8, cmov, fxsr, ht, mmx, sse, sse2, sse3, ssse3, sse4.1, sse4.2, popcnt, lzcnt, tsc, tscinvbit, avx, avx2, aes, erms, clmul, bmi1, bmi2, fma, vzeroupper, clflush, rdtscp, f16c
CPU Model and flags from /proc/cpuinfo:
model name	: Intel(R) Core(TM) i7-4500U CPU @ 1.80GHz
flags		: fpu vme de pse tsc msr pae mce cx8 apic sep mtrr pge mca cmov pat pse36 clflush dts acpi mmx fxsr sse sse2 ss ht tm pbe syscall nx pdpe1gb rdtscp lm constant_tsc arch_perfmon pebs bts rep_good nopl xtopology nonstop_tsc cpuid aperfmperf pni pclmulqdq dtes64 monitor ds_cpl vmx est tm2 ssse3 sdbg fma cx16 xtpr pdcm pcid sse4_1 sse4_2 movbe popcnt tsc_deadline_timer aes xsave avx f16c rdrand lahf_lm abm cpuid_fault epb pti ssbd ibrs ibpb stibp tpr_shadow flexpriority ept vpid ept_ad fsgsbase tsc_adjust bmi1 avx2 smep bmi2 erms invpcid xsaveopt dtherm ida arat pln pts vnmi md_clear flush_l1d

Online cpus: 0-3
Offline cpus: 4-7
BIOS frequency limitation: <Not Available>
Frequency switch latency (ns): 20000
Available cpu frequencies: <Not Available>
Current governor: schedutil
Core performance/turbo boost: <Not Available>

Memory: 4k page, physical 8026688k(1718680k free), swap 2097148k(894716k free)
Page Sizes: 4k

vm_info: OpenJDK 64-Bit Server VM (21.0.7+6-LTS) for linux-amd64 JRE (21.0.7+6-LTS), built on 2025-04-15T00:00:00Z by "admin" with gcc 11.3.0

END.
